[suite] start 2026-03-18T07:40:00Z
[suite] label: seed=7 paper
[suite] cwd: /home/entropy/GitHub/conditional_drifting_models
[suite] command: /home/entropy/miniforge3/envs/dl/bin/python scripts/run_paper2309_benchmark.py --device cuda --seed 7 --channels AWGN,Rayleigh,SSPA --eval-size 1000000 --include-gan-fa

[2026-03-18T07:40:02Z] 
[2026-03-18T07:40:03Z] epoch 1/30:   0%|          | 0/2000 [00:00<?, ?it/s]
[2026-03-18T07:40:03Z] epoch 1/30:   0%|          | 0/2000 [00:00<?, ?it/s, drift=1.306e-01, loss=2.448e-03]
[2026-03-18T07:40:03Z] epoch 1/30:   0%|          | 1/2000 [00:00<08:41,  3.84it/s, drift=1.306e-01, loss=2.448e-03]
[2026-03-18T07:40:03Z] epoch 1/30:   0%|          | 1/2000 [00:00<08:41,  3.84it/s, drift=8.423e-02, loss=1.023e-03]
[2026-03-18T07:40:03Z] epoch 1/30:   0%|          | 1/2000 [00:00<08:41,  3.84it/s, drift=6.347e-02, loss=5.837e-04]
[2026-03-18T07:40:03Z] epoch 1/30:   0%|          | 1/2000 [00:00<08:41,  3.84it/s, drift=5.079e-02, loss=3.762e-04]
[2026-03-18T07:40:03Z] epoch 1/30:   0%|          | 4/2000 [00:00<02:52, 11.60it/s, drift=5.079e-02, loss=3.762e-04]
[2026-03-18T07:40:03Z] epoch 1/30:   0%|          | 4/2000 [00:00<02:52, 11.60it/s, drift=5.744e-02, loss=4.838e-04]
[2026-03-18T07:40:03Z] epoch 1/30:   0%|          | 4/2000 [00:00<02:52, 11.60it/s, drift=4.822e-02, loss=3.486e-04]
[2026-03-18T07:40:03Z] epoch 1/30:   0%|          | 4/2000 [00:00<02:52, 11.60it/s, drift=7.730e-02, loss=8.682e-04]
[2026-03-18T07:40:03Z] epoch 1/30:   0%|          | 7/2000 [00:00<02:08, 15.57it/s, drift=7.730e-02, loss=8.682e-04]
[2026-03-18T07:40:03Z] epoch 1/30:   0%|          | 7/2000 [00:00<02:08, 15.57it/s, drift=5.678e-02, loss=4.762e-04]
[2026-03-18T07:40:03Z] epoch 1/30:   0%|          | 7/2000 [00:00<02:08, 15.57it/s, drift=7.132e-02, loss=7.541e-04]
[2026-03-18T07:40:03Z] epoch 1/30:   0%|          | 7/2000 [00:00<02:08, 15.57it/s, drift=7.908e-02, loss=9.052e-04]
[2026-03-18T07:40:03Z] epoch 1/30:   0%|          | 10/2000 [00:00<01:51, 17.84it/s, drift=7.908e-02, loss=9.052e-04]
[2026-03-18T07:40:03Z] epoch 1/30:   0%|          | 10/2000 [00:00<01:51, 17.84it/s, drift=5.129e-02, loss=3.899e-04]
[2026-03-18T07:40:03Z] epoch 1/30:   0%|          | 10/2000 [00:00<01:51, 17.84it/s, drift=8.355e-02, loss=1.009e-03]
[2026-03-18T07:40:03Z] epoch 1/30:   0%|          | 10/2000 [00:00<01:51, 17.84it/s, drift=6.732e-02, loss=6.688e-04]
[2026-03-18T07:40:03Z] epoch 1/30:   1%|          | 13/2000 [00:00<01:43, 19.25it/s, drift=6.732e-02, loss=6.688e-04]
[2026-03-18T07:40:03Z] epoch 1/30:   1%|          | 13/2000 [00:00<01:43, 19.25it/s, drift=4.783e-02, loss=3.566e-04]
[2026-03-18T07:40:03Z] epoch 1/30:   1%|          | 13/2000 [00:00<01:43, 19.25it/s, drift=7.396e-02, loss=8.182e-04]
[2026-03-18T07:40:03Z] epoch 1/30:   1%|          | 13/2000 [00:00<01:43, 19.25it/s, drift=6.755e-02, loss=7.029e-04]
[2026-03-18T07:40:03Z] epoch 1/30:   1%|          | 16/2000 [00:00<01:38, 20.13it/s, drift=6.755e-02, loss=7.029e-04]
[2026-03-18T07:40:03Z] epoch 1/30:   1%|          | 16/2000 [00:00<01:38, 20.13it/s, drift=8.477e-02, loss=1.064e-03]
[2026-03-18T07:40:03Z] epoch 1/30:   1%|          | 16/2000 [00:01<01:38, 20.13it/s, drift=7.068e-02, loss=7.609e-04]
[2026-03-18T07:40:03Z] epoch 1/30:   1%|          | 16/2000 [00:01<01:38, 20.13it/s, drift=6.890e-02, loss=7.284e-04]
[2026-03-18T07:40:04Z] epoch 1/30:   1%|          | 19/2000 [00:01<01:35, 20.74it/s, drift=6.890e-02, loss=7.284e-04]
[2026-03-18T07:40:04Z] epoch 1/30:   1%|          | 19/2000 [00:01<01:35, 20.74it/s, drift=7.165e-02, loss=7.907e-04]
[2026-03-18T07:40:04Z] epoch 1/30:   1%|          | 19/2000 [00:01<01:35, 20.74it/s, drift=7.253e-02, loss=8.185e-04]
[2026-03-18T07:40:04Z] epoch 1/30:   1%|          | 19/2000 [00:01<01:35, 20.74it/s, drift=8.497e-02, loss=1.103e-03]
[2026-03-18T07:40:04Z] epoch 1/30:   1%|          | 22/2000 [00:01<01:33, 21.13it/s, drift=8.497e-02, loss=1.103e-03]
[2026-03-18T07:40:04Z] epoch 1/30:   1%|          | 22/2000 [00:01<01:33, 21.13it/s, drift=7.275e-02, loss=8.397e-04]
[2026-03-18T07:40:04Z] epoch 1/30:   1%|          | 22/2000 [00:01<01:33, 21.13it/s, drift=9.125e-02, loss=1.274e-03]
[2026-03-18T07:40:04Z] epoch 1/30:   1%|          | 22/2000 [00:01<01:33, 21.13it/s, drift=1.117e-01, loss=1.890e-03]
[2026-03-18T07:40:04Z] epoch 1/30:   1%|▏         | 25/2000 [00:01<01:32, 21.40it/s, drift=1.117e-01, loss=1.890e-03]
[2026-03-18T07:40:04Z] epoch 1/30:   1%|▏         | 25/2000 [00:01<01:32, 21.40it/s, drift=9.933e-02, loss=1.517e-03]
[2026-03-18T07:40:04Z] epoch 1/30:   1%|▏         | 25/2000 [00:01<01:32, 21.40it/s, drift=9.311e-02, loss=1.366e-03]
[2026-03-18T07:40:04Z] epoch 1/30:   1%|▏         | 25/2000 [00:01<01:32, 21.40it/s, drift=1.050e-01, loss=1.698e-03]
[2026-03-18T07:40:04Z] epoch 1/30:   1%|▏         | 28/2000 [00:01<01:31, 21.58it/s, drift=1.050e-01, loss=1.698e-03]
[2026-03-18T07:40:04Z] epoch 1/30:   1%|▏         | 28/2000 [00:01<01:31, 21.58it/s, drift=9.989e-02, loss=1.576e-03]
[2026-03-18T07:40:04Z] epoch 1/30:   1%|▏         | 28/2000 [00:01<01:31, 21.58it/s, drift=1.014e-01, loss=1.640e-03]
[2026-03-18T07:40:04Z] epoch 1/30:   1%|▏         | 28/2000 [00:01<01:31, 21.58it/s, drift=1.133e-01, loss=2.008e-03]
[2026-03-18T07:40:04Z] epoch 1/30:   2%|▏         | 31/2000 [00:01<01:30, 21.71it/s, drift=1.133e-01, loss=2.008e-03]
[2026-03-18T07:40:04Z] epoch 1/30:   2%|▏         | 31/2000 [00:01<01:30, 21.71it/s, drift=1.004e-01, loss=1.567e-03]
[2026-03-18T07:40:04Z] epoch 1/30:   2%|▏         | 31/2000 [00:01<01:30, 21.71it/s, drift=1.125e-01, loss=1.915e-03]
[2026-03-18T07:40:04Z] epoch 1/30:   2%|▏         | 31/2000 [00:01<01:30, 21.71it/s, drift=9.301e-02, loss=1.355e-03]
[2026-03-18T07:40:04Z] epoch 1/30:   2%|▏         | 34/2000 [00:01<01:30, 21.79it/s, drift=9.301e-02, loss=1.355e-03]
[2026-03-18T07:40:04Z] epoch 1/30:   2%|▏         | 34/2000 [00:01<01:30, 21.79it/s, drift=1.013e-01, loss=1.574e-03]
[2026-03-18T07:40:04Z] epoch 1/30:   2%|▏         | 34/2000 [00:01<01:30, 21.79it/s, drift=1.218e-01, loss=2.199e-03]
[2026-03-18T07:40:04Z] epoch 1/30:   2%|▏         | 34/2000 [00:01<01:30, 21.79it/s, drift=1.013e-01, loss=1.582e-03]
[2026-03-18T07:40:04Z] epoch 1/30:   2%|▏         | 37/2000 [00:01<01:29, 21.85it/s, drift=1.013e-01, loss=1.582e-03]
[2026-03-18T07:40:04Z] epoch 1/30:   2%|▏         | 37/2000 [00:01<01:29, 21.85it/s, drift=1.088e-01, loss=1.825e-03]
[2026-03-18T07:40:04Z] epoch 1/30:   2%|▏         | 37/2000 [00:01<01:29, 21.85it/s, drift=1.163e-01, loss=2.098e-03]
[2026-03-18T07:40:04Z] epoch 1/30:   2%|▏         | 37/2000 [00:02<01:29, 21.85it/s, drift=1.037e-01, loss=1.681e-03]
[2026-03-18T07:40:04Z] epoch 1/30:   2%|▏         | 40/2000 [00:02<01:29, 21.89it/s, drift=1.037e-01, loss=1.681e-03]
[2026-03-18T07:40:05Z] epoch 1/30:   2%|▏         | 40/2000 [00:02<01:29, 21.89it/s, drift=1.098e-01, loss=1.894e-03]
[2026-03-18T07:40:05Z] epoch 1/30:   2%|▏         | 40/2000 [00:02<01:29, 21.89it/s, drift=1.019e-01, loss=1.622e-03]
[2026-03-18T07:40:05Z] epoch 1/30:   2%|▏         | 40/2000 [00:02<01:29, 21.89it/s, drift=1.071e-01, loss=1.778e-03]
[2026-03-18T07:40:05Z] epoch 1/30:   2%|▏         | 43/2000 [00:02<01:29, 21.94it/s, drift=1.071e-01, loss=1.778e-03]
[2026-03-18T07:40:05Z] epoch 1/30:   2%|▏         | 43/2000 [00:02<01:29, 21.94it/s, drift=1.143e-01, loss=2.006e-03]
[2026-03-18T07:40:05Z] epoch 1/30:   2%|▏         | 43/2000 [00:02<01:29, 21.94it/s, drift=1.032e-01, loss=1.639e-03]
[2026-03-18T07:40:05Z] epoch 1/30:   2%|▏         | 43/2000 [00:02<01:29, 21.94it/s, drift=1.183e-01, loss=2.120e-03]
[2026-03-18T07:40:05Z] epoch 1/30:   2%|▏         | 46/2000 [00:02<01:28, 21.97it/s, drift=1.183e-01, loss=2.120e-03]
[2026-03-18T07:40:05Z] epoch 1/30:   2%|▏         | 46/2000 [00:02<01:28, 21.97it/s, drift=1.309e-01, loss=2.559e-03]
[2026-03-18T07:40:05Z] epoch 1/30:   2%|▏         | 46/2000 [00:02<01:28, 21.97it/s, drift=1.042e-01, loss=1.624e-03]
[2026-03-18T07:40:05Z] epoch 1/30:   2%|▏         | 46/2000 [00:02<01:28, 21.97it/s, drift=1.041e-01, loss=1.657e-03]
[2026-03-18T07:40:05Z] epoch 1/30:   2%|▏         | 49/2000 [00:02<01:28, 21.98it/s, drift=1.041e-01, loss=1.657e-03]
[2026-03-18T07:40:05Z] epoch 1/30:   2%|▏         | 49/2000 [00:02<01:28, 21.98it/s, drift=8.003e-02, loss=9.745e-04]
[2026-03-18T07:40:05Z] epoch 1/30:   2%|▏         | 49/2000 [00:02<01:28, 21.98it/s, drift=9.437e-02, loss=1.353e-03]
[2026-03-18T07:40:05Z] epoch 1/30:   2%|▏         | 49/2000 [00:02<01:28, 21.98it/s, drift=6.718e-02, loss=7.171e-04]
[2026-03-18T07:40:05Z] epoch 1/30:   3%|▎         | 52/2000 [00:02<01:28, 21.98it/s, drift=6.718e-02, loss=7.171e-04]
[2026-03-18T07:40:05Z] epoch 1/30:   3%|▎         | 52/2000 [00:02<01:28, 21.98it/s, drift=8.924e-02, loss=1.220e-03]
[2026-03-18T07:40:05Z] epoch 1/30:   3%|▎         | 52/2000 [00:02<01:28, 21.98it/s, drift=7.879e-02, loss=9.607e-04]
[2026-03-18T07:40:05Z] epoch 1/30:   3%|▎         | 52/2000 [00:02<01:28, 21.98it/s, drift=7.526e-02, loss=8.793e-04]
[2026-03-18T07:40:05Z] epoch 1/30:   3%|▎         | 55/2000 [00:02<01:28, 22.00it/s, drift=7.526e-02, loss=8.793e-04]
[2026-03-18T07:40:05Z] epoch 1/30:   3%|▎         | 55/2000 [00:02<01:28, 22.00it/s, drift=8.457e-02, loss=1.126e-03]
[2026-03-18T07:40:05Z] epoch 1/30:   3%|▎         | 55/2000 [00:02<01:28, 22.00it/s, drift=1.135e-01, loss=1.926e-03]
[2026-03-18T07:40:05Z] epoch 1/30:   3%|▎         | 55/2000 [00:02<01:28, 22.00it/s, drift=1.141e-01, loss=1.944e-03]
[2026-03-18T07:40:05Z] epoch 1/30:   3%|▎         | 58/2000 [00:02<01:28, 22.01it/s, drift=1.141e-01, loss=1.944e-03]
[2026-03-18T07:40:05Z] epoch 1/30:   3%|▎         | 58/2000 [00:02<01:28, 22.01it/s, drift=9.466e-02, loss=1.379e-03]
[2026-03-18T07:40:05Z] epoch 1/30:   3%|▎         | 58/2000 [00:02<01:28, 22.01it/s, drift=7.484e-02, loss=8.739e-04]
[2026-03-18T07:40:05Z] epoch 1/30:   3%|▎         | 58/2000 [00:02<01:28, 22.01it/s, drift=9.252e-02, loss=1.289e-03]
[2026-03-18T07:40:05Z] epoch 1/30:   3%|▎         | 61/2000 [00:02<01:28, 22.02it/s, drift=9.252e-02, loss=1.289e-03]
[2026-03-18T07:40:05Z] epoch 1/30:   3%|▎         | 61/2000 [00:03<01:28, 22.02it/s, drift=9.868e-02, loss=1.495e-03]
[2026-03-18T07:40:06Z] epoch 1/30:   3%|▎         | 61/2000 [00:03<01:28, 22.02it/s, drift=8.494e-02, loss=1.091e-03]
[2026-03-18T07:40:06Z] epoch 1/30:   3%|▎         | 61/2000 [00:03<01:28, 22.02it/s, drift=7.465e-02, loss=8.276e-04]
[2026-03-18T07:40:06Z] epoch 1/30:   3%|▎         | 64/2000 [00:03<01:27, 22.01it/s, drift=7.465e-02, loss=8.276e-04]
[2026-03-18T07:40:06Z] epoch 1/30:   3%|▎         | 64/2000 [00:03<01:27, 22.01it/s, drift=7.709e-02, loss=8.922e-04]
[2026-03-18T07:40:06Z] epoch 1/30:   3%|▎         | 64/2000 [00:03<01:27, 22.01it/s, drift=1.117e-01, loss=1.837e-03]
[2026-03-18T07:40:06Z] epoch 1/30:   3%|▎         | 64/2000 [00:03<01:27, 22.01it/s, drift=8.458e-02, loss=1.092e-03]
[2026-03-18T07:40:06Z] epoch 1/30:   3%|▎         | 67/2000 [00:03<01:27, 22.02it/s, drift=8.458e-02, loss=1.092e-03]
[2026-03-18T07:40:06Z] epoch 1/30:   3%|▎         | 67/2000 [00:03<01:27, 22.02it/s, drift=7.449e-02, loss=8.256e-04]
[2026-03-18T07:40:06Z] epoch 1/30:   3%|▎         | 67/2000 [00:03<01:27, 22.02it/s, drift=6.362e-02, loss=5.940e-04]
[2026-03-18T07:40:06Z] epoch 1/30:   3%|▎         | 67/2000 [00:03<01:27, 22.02it/s, drift=9.861e-02, loss=1.397e-03]
[2026-03-18T07:40:06Z] epoch 1/30:   4%|▎         | 70/2000 [00:03<01:27, 22.02it/s, drift=9.861e-02, loss=1.397e-03]
[2026-03-18T07:40:06Z] epoch 1/30:   4%|▎         | 70/2000 [00:03<01:27, 22.02it/s, drift=5.941e-02, loss=5.279e-04]
[2026-03-18T07:40:06Z] epoch 1/30:   4%|▎         | 70/2000 [00:03<01:27, 22.02it/s, drift=9.818e-02, loss=1.399e-03]
[2026-03-18T07:40:06Z] epoch 1/30:   4%|▎         | 70/2000 [00:03<01:27, 22.02it/s, drift=5.846e-02, loss=4.940e-04]
[2026-03-18T07:40:06Z] epoch 1/30:   4%|▎         | 73/2000 [00:03<01:27, 22.03it/s, drift=5.846e-02, loss=4.940e-04]
[2026-03-18T07:40:06Z] epoch 1/30:   4%|▎         | 73/2000 [00:03<01:27, 22.03it/s, drift=7.253e-02, loss=7.822e-04]
[2026-03-18T07:40:06Z] epoch 1/30:   4%|▎         | 73/2000 [00:03<01:27, 22.03it/s, drift=8.146e-02, loss=9.669e-04]
[2026-03-18T07:40:06Z] epoch 1/30:   4%|▎         | 73/2000 [00:03<01:27, 22.03it/s, drift=1.358e-01, loss=2.656e-03]
[2026-03-18T07:40:06Z] epoch 1/30:   4%|▍         | 76/2000 [00:03<01:27, 22.03it/s, drift=1.358e-01, loss=2.656e-03]
[2026-03-18T07:40:06Z] epoch 1/30:   4%|▍         | 76/2000 [00:03<01:27, 22.03it/s, drift=1.026e-01, loss=1.527e-03]
[2026-03-18T07:40:06Z] epoch 1/30:   4%|▍         | 76/2000 [00:03<01:27, 22.03it/s, drift=9.916e-02, loss=1.421e-03]
[2026-03-18T07:40:06Z] epoch 1/30:   4%|▍         | 76/2000 [00:03<01:27, 22.03it/s, drift=1.171e-01, loss=1.970e-03]
[2026-03-18T07:40:06Z] epoch 1/30:   4%|▍         | 79/2000 [00:03<01:27, 22.01it/s, drift=1.171e-01, loss=1.970e-03]
[2026-03-18T07:40:06Z] epoch 1/30:   4%|▍         | 79/2000 [00:03<01:27, 22.01it/s, drift=4.537e-02, loss=3.146e-04]
[2026-03-18T07:40:06Z] epoch 1/30:   4%|▍         | 79/2000 [00:03<01:27, 22.01it/s, drift=7.183e-02, loss=7.733e-04]
[2026-03-18T07:40:06Z] epoch 1/30:   4%|▍         | 79/2000 [00:03<01:27, 22.01it/s, drift=1.010e-01, loss=1.479e-03]
[2026-03-18T07:40:06Z] epoch 1/30:   4%|▍         | 82/2000 [00:03<01:27, 22.02it/s, drift=1.010e-01, loss=1.479e-03]
[2026-03-18T07:40:06Z] epoch 1/30:   4%|▍         | 82/2000 [00:03<01:27, 22.02it/s, drift=8.922e-02, loss=1.150e-03]
[2026-03-18T07:40:06Z] epoch 1/30:   4%|▍         | 82/2000 [00:04<01:27, 22.02it/s, drift=9.596e-02, loss=1.324e-03]
[2026-03-18T07:40:06Z] epoch 1/30:   4%|▍         | 82/2000 [00:04<01:27, 22.02it/s, drift=9.472e-02, loss=1.289e-03]
[2026-03-18T07:40:06Z] epoch 1/30:   4%|▍         | 85/2000 [00:04<01:26, 22.03it/s, drift=9.472e-02, loss=1.289e-03]
[2026-03-18T07:40:07Z] epoch 1/30:   4%|▍         | 85/2000 [00:04<01:26, 22.03it/s, drift=5.645e-02, loss=4.718e-04]
[2026-03-18T07:40:07Z] epoch 1/30:   4%|▍         | 85/2000 [00:04<01:26, 22.03it/s, drift=6.486e-02, loss=6.077e-04]
[2026-03-18T07:40:07Z] epoch 1/30:   4%|▍         | 85/2000 [00:04<01:26, 22.03it/s, drift=6.199e-02, loss=5.581e-04]
[2026-03-18T07:40:07Z] epoch 1/30:   4%|▍         | 88/2000 [00:04<01:26, 22.03it/s, drift=6.199e-02, loss=5.581e-04]
[2026-03-18T07:40:07Z] epoch 1/30:   4%|▍         | 88/2000 [00:04<01:26, 22.03it/s, drift=8.235e-02, loss=9.755e-04]
[2026-03-18T07:40:07Z] epoch 1/30:   4%|▍         | 88/2000 [00:04<01:26, 22.03it/s, drift=8.387e-02, loss=1.015e-03]
[2026-03-18T07:40:07Z] epoch 1/30:   4%|▍         | 88/2000 [00:04<01:26, 22.03it/s, drift=3.884e-02, loss=2.289e-04]
[2026-03-18T07:40:07Z] epoch 1/30:   5%|▍         | 91/2000 [00:04<01:26, 22.02it/s, drift=3.884e-02, loss=2.289e-04]
[2026-03-18T07:40:07Z] epoch 1/30:   5%|▍         | 91/2000 [00:04<01:26, 22.02it/s, drift=6.883e-02, loss=6.878e-04]
[2026-03-18T07:40:07Z] epoch 1/30:   5%|▍         | 91/2000 [00:04<01:26, 22.02it/s, drift=1.012e-01, loss=1.472e-03]
[2026-03-18T07:40:07Z] epoch 1/30:   5%|▍         | 91/2000 [00:04<01:26, 22.02it/s, drift=8.279e-02, loss=9.919e-04]
[2026-03-18T07:40:07Z] epoch 1/30:   5%|▍         | 94/2000 [00:04<01:26, 22.02it/s, drift=8.279e-02, loss=9.919e-04]
[2026-03-18T07:40:07Z] epoch 1/30:   5%|▍         | 94/2000 [00:04<01:26, 22.02it/s, drift=8.008e-02, loss=9.277e-04]
[2026-03-18T07:40:07Z] epoch 1/30:   5%|▍         | 94/2000 [00:04<01:26, 22.02it/s, drift=6.523e-02, loss=6.217e-04]
[2026-03-18T07:40:07Z] epoch 1/30:   5%|▍         | 94/2000 [00:04<01:26, 22.02it/s, drift=9.287e-02, loss=1.242e-03]
[2026-03-18T07:40:07Z] epoch 1/30:   5%|▍         | 97/2000 [00:04<01:26, 22.02it/s, drift=9.287e-02, loss=1.242e-03]
[2026-03-18T07:40:07Z] epoch 1/30:   5%|▍         | 97/2000 [00:04<01:26, 22.02it/s, drift=5.221e-02, loss=3.973e-04]
[2026-03-18T07:40:07Z] epoch 1/30:   5%|▍         | 97/2000 [00:04<01:26, 22.02it/s, drift=7.494e-02, loss=8.160e-04]
[2026-03-18T07:40:07Z] epoch 1/30:   5%|▍         | 97/2000 [00:04<01:26, 22.02it/s, drift=5.335e-02, loss=4.187e-04]
[2026-03-18T07:40:07Z] epoch 1/30:   5%|▌         | 100/2000 [00:04<01:26, 22.03it/s, drift=5.335e-02, loss=4.187e-04]
[2026-03-18T07:40:07Z] epoch 1/30:   5%|▌         | 100/2000 [00:04<01:26, 22.03it/s, drift=6.606e-02, loss=6.332e-04]
[2026-03-18T07:40:07Z] epoch 1/30:   5%|▌         | 100/2000 [00:04<01:26, 22.03it/s, drift=1.162e-01, loss=1.934e-03]
[2026-03-18T07:40:07Z] epoch 1/30:   5%|▌         | 100/2000 [00:04<01:26, 22.03it/s, drift=3.947e-02, loss=2.387e-04]
[2026-03-18T07:40:07Z] epoch 1/30:   5%|▌         | 103/2000 [00:04<01:26, 22.01it/s, drift=3.947e-02, loss=2.387e-04]
[2026-03-18T07:40:07Z] epoch 1/30:   5%|▌         | 103/2000 [00:04<01:26, 22.01it/s, drift=6.557e-02, loss=6.370e-04]
[2026-03-18T07:40:07Z] epoch 1/30:   5%|▌         | 103/2000 [00:04<01:26, 22.01it/s, drift=5.426e-02, loss=4.471e-04]
[2026-03-18T07:40:07Z] epoch 1/30:   5%|▌         | 103/2000 [00:05<01:26, 22.01it/s, drift=5.954e-02, loss=5.179e-04]
[2026-03-18T07:40:07Z] epoch 1/30:   5%|▌         | 106/2000 [00:05<01:26, 22.02it/s, drift=5.954e-02, loss=5.179e-04]
[2026-03-18T07:40:07Z] epoch 1/30:   5%|▌         | 106/2000 [00:05<01:26, 22.02it/s, drift=7.766e-02, loss=8.719e-04]
[2026-03-18T07:40:08Z] epoch 1/30:   5%|▌         | 106/2000 [00:05<01:26, 22.02it/s, drift=8.466e-02, loss=1.038e-03]
[2026-03-18T07:40:08Z] epoch 1/30:   5%|▌         | 106/2000 [00:05<01:26, 22.02it/s, drift=8.265e-02, loss=1.005e-03]
[2026-03-18T07:40:08Z] epoch 1/30:   5%|▌         | 109/2000 [00:05<01:25, 22.02it/s, drift=8.265e-02, loss=1.005e-03]
[2026-03-18T07:40:08Z] epoch 1/30:   5%|▌         | 109/2000 [00:05<01:25, 22.02it/s, drift=7.372e-02, loss=8.045e-04]
[2026-03-18T07:40:08Z] epoch 1/30:   5%|▌         | 109/2000 [00:05<01:25, 22.02it/s, drift=3.362e-02, loss=1.853e-04]
[2026-03-18T07:40:08Z] epoch 1/30:   5%|▌         | 109/2000 [00:05<01:25, 22.02it/s, drift=5.898e-02, loss=5.125e-04]
[2026-03-18T07:40:08Z] epoch 1/30:   6%|▌         | 112/2000 [00:05<01:25, 22.03it/s, drift=5.898e-02, loss=5.125e-04]
[2026-03-18T07:40:08Z] epoch 1/30:   6%|▌         | 112/2000 [00:05<01:25, 22.03it/s, drift=8.434e-02, loss=1.026e-03]
[2026-03-18T07:40:08Z] epoch 1/30:   6%|▌         | 112/2000 [00:05<01:25, 22.03it/s, drift=6.514e-02, loss=6.585e-04]
[2026-03-18T07:40:08Z] epoch 1/30:   6%|▌         | 112/2000 [00:05<01:25, 22.03it/s, drift=8.012e-02, loss=9.266e-04]
[2026-03-18T07:40:08Z] epoch 1/30:   6%|▌         | 115/2000 [00:05<01:25, 22.02it/s, drift=8.012e-02, loss=9.266e-04]
[2026-03-18T07:40:08Z] epoch 1/30:   6%|▌         | 115/2000 [00:05<01:25, 22.02it/s, drift=7.570e-02, loss=8.706e-04]
[2026-03-18T07:40:08Z] epoch 1/30:   6%|▌         | 115/2000 [00:05<01:25, 22.02it/s, drift=9.975e-02, loss=1.432e-03]
[2026-03-18T07:40:08Z] epoch 1/30:   6%|▌         | 115/2000 [00:05<01:25, 22.02it/s, drift=5.745e-02, loss=4.919e-04]
[2026-03-18T07:40:08Z] epoch 1/30:   6%|▌         | 118/2000 [00:05<01:25, 22.01it/s, drift=5.745e-02, loss=4.919e-04]
[2026-03-18T07:40:08Z] epoch 1/30:   6%|▌         | 118/2000 [00:05<01:25, 22.01it/s, drift=1.039e-01, loss=1.552e-03]
[2026-03-18T07:40:08Z] epoch 1/30:   6%|▌         | 118/2000 [00:05<01:25, 22.01it/s, drift=7.501e-02, loss=8.208e-04]
[2026-03-18T07:40:08Z] epoch 1/30:   6%|▌         | 118/2000 [00:05<01:25, 22.01it/s, drift=9.167e-02, loss=1.224e-03]
[2026-03-18T07:40:08Z] epoch 1/30:   6%|▌         | 121/2000 [00:05<01:25, 22.02it/s, drift=9.167e-02, loss=1.224e-03]
[2026-03-18T07:40:08Z] epoch 1/30:   6%|▌         | 121/2000 [00:05<01:25, 22.02it/s, drift=9.327e-02, loss=1.263e-03]
[2026-03-18T07:40:08Z] epoch 1/30:   6%|▌         | 121/2000 [00:05<01:25, 22.02it/s, drift=5.725e-02, loss=4.938e-04]
[2026-03-18T07:40:08Z] epoch 1/30:   6%|▌         | 121/2000 [00:05<01:25, 22.02it/s, drift=6.752e-02, loss=6.769e-04]
[2026-03-18T07:40:08Z] epoch 1/30:   6%|▌         | 124/2000 [00:05<01:25, 22.02it/s, drift=6.752e-02, loss=6.769e-04]
[2026-03-18T07:40:08Z] epoch 1/30:   6%|▌         | 124/2000 [00:05<01:25, 22.02it/s, drift=6.172e-02, loss=5.689e-04]
[2026-03-18T07:40:08Z] epoch 1/30:   6%|▌         | 124/2000 [00:05<01:25, 22.02it/s, drift=6.539e-02, loss=6.620e-04]
[2026-03-18T07:40:08Z] epoch 1/30:   6%|▌         | 124/2000 [00:05<01:25, 22.02it/s, drift=7.319e-02, loss=7.954e-04]
[2026-03-18T07:40:08Z] epoch 1/30:   6%|▋         | 127/2000 [00:05<01:25, 22.00it/s, drift=7.319e-02, loss=7.954e-04]
[2026-03-18T07:40:08Z] epoch 1/30:   6%|▋         | 127/2000 [00:06<01:25, 22.00it/s, drift=1.203e-01, loss=2.078e-03]
[2026-03-18T07:40:08Z] epoch 1/30:   6%|▋         | 127/2000 [00:06<01:25, 22.00it/s, drift=6.383e-02, loss=5.951e-04]
[2026-03-18T07:40:08Z] epoch 1/30:   6%|▋         | 127/2000 [00:06<01:25, 22.00it/s, drift=6.094e-02, loss=5.488e-04]
[2026-03-18T07:40:09Z] epoch 1/30:   6%|▋         | 130/2000 [00:06<01:24, 22.01it/s, drift=6.094e-02, loss=5.488e-04]
[2026-03-18T07:40:09Z] epoch 1/30:   6%|▋         | 130/2000 [00:06<01:24, 22.01it/s, drift=9.689e-02, loss=1.356e-03]
[2026-03-18T07:40:09Z] epoch 1/30:   6%|▋         | 130/2000 [00:06<01:24, 22.01it/s, drift=4.860e-02, loss=3.485e-04]
[2026-03-18T07:40:09Z] epoch 1/30:   6%|▋         | 130/2000 [00:06<01:24, 22.01it/s, drift=5.570e-02, loss=4.503e-04]
[2026-03-18T07:40:09Z] epoch 1/30:   7%|▋         | 133/2000 [00:06<01:24, 22.01it/s, drift=5.570e-02, loss=4.503e-04]
[2026-03-18T07:40:09Z] epoch 1/30:   7%|▋         | 133/2000 [00:06<01:24, 22.01it/s, drift=7.708e-02, loss=8.576e-04]
[2026-03-18T07:40:09Z] epoch 1/30:   7%|▋         | 133/2000 [00:06<01:24, 22.01it/s, drift=4.854e-02, loss=3.416e-04]
[2026-03-18T07:40:09Z] epoch 1/30:   7%|▋         | 133/2000 [00:06<01:24, 22.01it/s, drift=6.977e-02, loss=7.012e-04]
[2026-03-18T07:40:09Z] epoch 1/30:   7%|▋         | 136/2000 [00:06<01:24, 22.01it/s, drift=6.977e-02, loss=7.012e-04]
[2026-03-18T07:40:09Z] epoch 1/30:   7%|▋         | 136/2000 [00:06<01:24, 22.01it/s, drift=5.961e-02, loss=5.103e-04]
[2026-03-18T07:40:09Z] epoch 1/30:   7%|▋         | 136/2000 [00:06<01:24, 22.01it/s, drift=1.105e-01, loss=1.752e-03]
[2026-03-18T07:40:09Z] epoch 1/30:   7%|▋         | 136/2000 [00:06<01:24, 22.01it/s, drift=4.516e-02, loss=3.028e-04]
[2026-03-18T07:40:09Z] epoch 1/30:   7%|▋         | 139/2000 [00:06<01:24, 22.01it/s, drift=4.516e-02, loss=3.028e-04]
[2026-03-18T07:40:09Z] epoch 1/30:   7%|▋         | 139/2000 [00:06<01:24, 22.01it/s, drift=7.247e-02, loss=7.614e-04]
[2026-03-18T07:40:09Z] epoch 1/30:   7%|▋         | 139/2000 [00:06<01:24, 22.01it/s, drift=5.014e-02, loss=3.667e-04]
[2026-03-18T07:40:09Z] epoch 1/30:   7%|▋         | 139/2000 [00:06<01:24, 22.01it/s, drift=9.259e-02, loss=1.257e-03]
[2026-03-18T07:40:09Z] epoch 1/30:   7%|▋         | 142/2000 [00:06<01:24, 22.01it/s, drift=9.259e-02, loss=1.257e-03]
[2026-03-18T07:40:09Z] epoch 1/30:   7%|▋         | 142/2000 [00:06<01:24, 22.01it/s, drift=5.048e-02, loss=3.732e-04]
[2026-03-18T07:40:09Z] epoch 1/30:   7%|▋         | 142/2000 [00:06<01:24, 22.01it/s, drift=5.188e-02, loss=4.183e-04]
[2026-03-18T07:40:09Z] epoch 1/30:   7%|▋         | 142/2000 [00:06<01:24, 22.01it/s, drift=4.057e-02, loss=2.501e-04]
[2026-03-18T07:40:09Z] epoch 1/30:   7%|▋         | 145/2000 [00:06<01:24, 22.00it/s, drift=4.057e-02, loss=2.501e-04]
[2026-03-18T07:40:09Z] epoch 1/30:   7%|▋         | 145/2000 [00:06<01:24, 22.00it/s, drift=8.779e-02, loss=1.112e-03]
[2026-03-18T07:40:09Z] epoch 1/30:   7%|▋         | 145/2000 [00:06<01:24, 22.00it/s, drift=6.775e-02, loss=6.595e-04]
[2026-03-18T07:40:09Z] epoch 1/30:   7%|▋         | 145/2000 [00:06<01:24, 22.00it/s, drift=7.671e-02, loss=8.445e-04]
[2026-03-18T07:40:09Z] epoch 1/30:   7%|▋         | 148/2000 [00:06<01:24, 22.01it/s, drift=7.671e-02, loss=8.445e-04]
[2026-03-18T07:40:09Z] epoch 1/30:   7%|▋         | 148/2000 [00:06<01:24, 22.01it/s, drift=4.429e-02, loss=2.870e-04]
[2026-03-18T07:40:09Z] epoch 1/30:   7%|▋         | 148/2000 [00:07<01:24, 22.01it/s, drift=9.779e-02, loss=1.368e-03]
[2026-03-18T07:40:09Z] epoch 1/30:   7%|▋         | 148/2000 [00:07<01:24, 22.01it/s, drift=7.193e-02, loss=7.450e-04]
[2026-03-18T07:40:09Z] epoch 1/30:   8%|▊         | 151/2000 [00:07<01:24, 22.00it/s, drift=7.193e-02, loss=7.450e-04]
[2026-03-18T07:40:10Z] epoch 1/30:   8%|▊         | 151/2000 [00:07<01:24, 22.00it/s, drift=7.532e-02, loss=8.131e-04]
[2026-03-18T07:40:10Z] epoch 1/30:   8%|▊         | 151/2000 [00:07<01:24, 22.00it/s, drift=6.291e-02, loss=5.718e-04]
[2026-03-18T07:40:10Z] epoch 1/30:   8%|▊         | 151/2000 [00:07<01:24, 22.00it/s, drift=4.262e-02, loss=2.659e-04]
[2026-03-18T07:40:10Z] epoch 1/30:   8%|▊         | 154/2000 [00:07<01:23, 22.01it/s, drift=4.262e-02, loss=2.659e-04]
[2026-03-18T07:40:10Z] epoch 1/30:   8%|▊         | 154/2000 [00:07<01:23, 22.01it/s, drift=5.487e-02, loss=4.352e-04]
[2026-03-18T07:40:10Z] epoch 1/30:   8%|▊         | 154/2000 [00:07<01:23, 22.01it/s, drift=7.780e-02, loss=8.698e-04]
[2026-03-18T07:40:10Z] epoch 1/30:   8%|▊         | 154/2000 [00:07<01:23, 22.01it/s, drift=9.928e-02, loss=1.414e-03]
[2026-03-18T07:40:10Z] epoch 1/30:   8%|▊         | 157/2000 [00:07<01:23, 22.02it/s, drift=9.928e-02, loss=1.414e-03]
[2026-03-18T07:40:10Z] epoch 1/30:   8%|▊         | 157/2000 [00:07<01:23, 22.02it/s, drift=9.306e-02, loss=1.240e-03]
[2026-03-18T07:40:10Z] epoch 1/30:   8%|▊         | 157/2000 [00:07<01:23, 22.02it/s, drift=6.882e-02, loss=6.831e-04]
[2026-03-18T07:40:10Z] epoch 1/30:   8%|▊         | 157/2000 [00:07<01:23, 22.02it/s, drift=7.477e-02, loss=8.021e-04]
[2026-03-18T07:40:10Z] epoch 1/30:   8%|▊         | 160/2000 [00:07<01:23, 22.03it/s, drift=7.477e-02, loss=8.021e-04]
[2026-03-18T07:40:10Z] epoch 1/30:   8%|▊         | 160/2000 [00:07<01:23, 22.03it/s, drift=6.301e-02, loss=5.770e-04]
[2026-03-18T07:40:10Z] epoch 1/30:   8%|▊         | 160/2000 [00:07<01:23, 22.03it/s, drift=5.396e-02, loss=4.239e-04]
[2026-03-18T07:40:10Z] epoch 1/30:   8%|▊         | 160/2000 [00:07<01:23, 22.03it/s, drift=6.123e-02, loss=5.377e-04]
[2026-03-18T07:40:10Z] epoch 1/30:   8%|▊         | 163/2000 [00:07<01:23, 22.02it/s, drift=6.123e-02, loss=5.377e-04]
[2026-03-18T07:40:10Z] epoch 1/30:   8%|▊         | 163/2000 [00:07<01:23, 22.02it/s, drift=9.460e-02, loss=1.284e-03]
[2026-03-18T07:40:10Z] epoch 1/30:   8%|▊         | 163/2000 [00:07<01:23, 22.02it/s, drift=9.455e-02, loss=1.280e-03]
[2026-03-18T07:40:10Z] epoch 1/30:   8%|▊         | 163/2000 [00:07<01:23, 22.02it/s, drift=5.403e-02, loss=4.224e-04]
[2026-03-18T07:40:10Z] epoch 1/30:   8%|▊         | 166/2000 [00:07<01:23, 22.01it/s, drift=5.403e-02, loss=4.224e-04]
[2026-03-18T07:40:10Z] epoch 1/30:   8%|▊         | 166/2000 [00:07<01:23, 22.01it/s, drift=4.104e-02, loss=2.420e-04]
[2026-03-18T07:40:10Z] epoch 1/30:   8%|▊         | 166/2000 [00:07<01:23, 22.01it/s, drift=4.269e-02, loss=2.649e-04]
[2026-03-18T07:40:10Z] epoch 1/30:   8%|▊         | 166/2000 [00:07<01:23, 22.01it/s, drift=5.692e-02, loss=4.654e-04]
[2026-03-18T07:40:10Z] epoch 1/30:   8%|▊         | 169/2000 [00:07<01:23, 22.02it/s, drift=5.692e-02, loss=4.654e-04]
[2026-03-18T07:40:10Z] epoch 1/30:   8%|▊         | 169/2000 [00:07<01:23, 22.02it/s, drift=6.471e-02, loss=6.036e-04]
[2026-03-18T07:40:10Z] epoch 1/30:   8%|▊         | 169/2000 [00:07<01:23, 22.02it/s, drift=7.654e-02, loss=8.431e-04]
[2026-03-18T07:40:10Z] epoch 1/30:   8%|▊         | 169/2000 [00:08<01:23, 22.02it/s, drift=8.079e-02, loss=9.370e-04]
[2026-03-18T07:40:10Z] epoch 1/30:   9%|▊         | 172/2000 [00:08<01:23, 22.02it/s, drift=8.079e-02, loss=9.370e-04]
[2026-03-18T07:40:10Z] epoch 1/30:   9%|▊         | 172/2000 [00:08<01:23, 22.02it/s, drift=8.516e-02, loss=1.046e-03]
[2026-03-18T07:40:11Z] epoch 1/30:   9%|▊         | 172/2000 [00:08<01:23, 22.02it/s, drift=6.102e-02, loss=5.350e-04]
[2026-03-18T07:40:11Z] epoch 1/30:   9%|▊         | 172/2000 [00:08<01:23, 22.02it/s, drift=8.273e-02, loss=9.799e-04]
[2026-03-18T07:40:11Z] epoch 1/30:   9%|▉         | 175/2000 [00:08<01:22, 22.00it/s, drift=8.273e-02, loss=9.799e-04]
[2026-03-18T07:40:11Z] epoch 1/30:   9%|▉         | 175/2000 [00:08<01:22, 22.00it/s, drift=7.657e-02, loss=8.407e-04]
[2026-03-18T07:40:11Z] epoch 1/30:   9%|▉         | 175/2000 [00:08<01:22, 22.00it/s, drift=8.551e-02, loss=1.049e-03]
[2026-03-18T07:40:11Z] epoch 1/30:   9%|▉         | 175/2000 [00:08<01:22, 22.00it/s, drift=8.524e-02, loss=1.045e-03]
[2026-03-18T07:40:11Z] epoch 1/30:   9%|▉         | 178/2000 [00:08<01:22, 22.01it/s, drift=8.524e-02, loss=1.045e-03]
[2026-03-18T07:40:11Z] epoch 1/30:   9%|▉         | 178/2000 [00:08<01:22, 22.01it/s, drift=7.898e-02, loss=8.927e-04]
[2026-03-18T07:40:11Z] epoch 1/30:   9%|▉         | 178/2000 [00:08<01:22, 22.01it/s, drift=6.705e-02, loss=6.446e-04]
[2026-03-18T07:40:11Z] epoch 1/30:   9%|▉         | 178/2000 [00:08<01:22, 22.01it/s, drift=5.691e-02, loss=4.662e-04]
[2026-03-18T07:40:11Z] epoch 1/30:   9%|▉         | 181/2000 [00:08<01:22, 22.01it/s, drift=5.691e-02, loss=4.662e-04]
[2026-03-18T07:40:11Z] epoch 1/30:   9%|▉         | 181/2000 [00:08<01:22, 22.01it/s, drift=7.856e-02, loss=8.891e-04]
[2026-03-18T07:40:11Z] epoch 1/30:   9%|▉         | 181/2000 [00:08<01:22, 22.01it/s, drift=7.087e-02, loss=7.218e-04]
[2026-03-18T07:40:11Z] epoch 1/30:   9%|▉         | 181/2000 [00:08<01:22, 22.01it/s, drift=4.739e-02, loss=3.278e-04]
[2026-03-18T07:40:11Z] epoch 1/30:   9%|▉         | 184/2000 [00:08<01:22, 22.02it/s, drift=4.739e-02, loss=3.278e-04]
[2026-03-18T07:40:11Z] epoch 1/30:   9%|▉         | 184/2000 [00:08<01:22, 22.02it/s, drift=5.347e-02, loss=4.115e-04]
[2026-03-18T07:40:11Z] epoch 1/30:   9%|▉         | 184/2000 [00:08<01:22, 22.02it/s, drift=6.825e-02, loss=6.677e-04]
[2026-03-18T07:40:11Z] epoch 1/30:   9%|▉         | 184/2000 [00:08<01:22, 22.02it/s, drift=6.341e-02, loss=5.781e-04]
[2026-03-18T07:40:11Z] epoch 1/30:   9%|▉         | 187/2000 [00:08<01:22, 22.02it/s, drift=6.341e-02, loss=5.781e-04]
[2026-03-18T07:40:11Z] epoch 1/30:   9%|▉         | 187/2000 [00:08<01:22, 22.02it/s, drift=6.254e-02, loss=5.604e-04]
[2026-03-18T07:40:11Z] epoch 1/30:   9%|▉         | 187/2000 [00:08<01:22, 22.02it/s, drift=5.395e-02, loss=4.182e-04]
[2026-03-18T07:40:11Z] epoch 1/30:   9%|▉         | 187/2000 [00:08<01:22, 22.02it/s, drift=5.211e-02, loss=3.902e-04]
[2026-03-18T07:40:11Z] epoch 1/30:  10%|▉         | 190/2000 [00:08<01:22, 22.01it/s, drift=5.211e-02, loss=3.902e-04]
[2026-03-18T07:40:11Z] epoch 1/30:  10%|▉         | 190/2000 [00:08<01:22, 22.01it/s, drift=1.051e-01, loss=1.580e-03]
[2026-03-18T07:40:11Z] epoch 1/30:  10%|▉         | 190/2000 [00:08<01:22, 22.01it/s, drift=9.858e-02, loss=1.394e-03]
[2026-03-18T07:40:11Z] epoch 1/30:  10%|▉         | 190/2000 [00:08<01:22, 22.01it/s, drift=6.644e-02, loss=6.324e-04]
[2026-03-18T07:40:11Z] epoch 1/30:  10%|▉         | 193/2000 [00:08<01:22, 22.02it/s, drift=6.644e-02, loss=6.324e-04]
[2026-03-18T07:40:11Z] epoch 1/30:  10%|▉         | 193/2000 [00:09<01:22, 22.02it/s, drift=6.656e-02, loss=6.349e-04]
[2026-03-18T07:40:11Z] epoch 1/30:  10%|▉         | 193/2000 [00:09<01:22, 22.02it/s, drift=4.180e-02, loss=2.572e-04]
[2026-03-18T07:40:11Z] epoch 1/30:  10%|▉         | 193/2000 [00:09<01:22, 22.02it/s, drift=8.355e-02, loss=9.985e-04]
[2026-03-18T07:40:12Z] epoch 1/30:  10%|▉         | 196/2000 [00:09<01:21, 22.02it/s, drift=8.355e-02, loss=9.985e-04]
[2026-03-18T07:40:12Z] epoch 1/30:  10%|▉         | 196/2000 [00:09<01:21, 22.02it/s, drift=9.250e-02, loss=1.224e-03]
[2026-03-18T07:40:12Z] epoch 1/30:  10%|▉         | 196/2000 [00:09<01:21, 22.02it/s, drift=7.561e-02, loss=8.220e-04]
[2026-03-18T07:40:12Z] epoch 1/30:  10%|▉         | 196/2000 [00:09<01:21, 22.02it/s, drift=6.126e-02, loss=5.408e-04]
[2026-03-18T07:40:12Z] epoch 1/30:  10%|▉         | 199/2000 [00:09<01:21, 21.99it/s, drift=6.126e-02, loss=5.408e-04]
[2026-03-18T07:40:12Z] epoch 1/30:  10%|▉         | 199/2000 [00:09<01:21, 21.99it/s, drift=5.591e-02, loss=4.495e-04]
[2026-03-18T07:40:12Z] epoch 1/30:  10%|▉         | 199/2000 [00:09<01:21, 21.99it/s, drift=7.883e-02, loss=8.909e-04]
[2026-03-18T07:40:12Z] epoch 1/30:  10%|▉         | 199/2000 [00:09<01:21, 21.99it/s, drift=7.989e-02, loss=9.130e-04]
[2026-03-18T07:40:12Z] epoch 1/30:  10%|█         | 202/2000 [00:09<01:21, 22.00it/s, drift=7.989e-02, loss=9.130e-04]
[2026-03-18T07:40:12Z] epoch 1/30:  10%|█         | 202/2000 [00:09<01:21, 22.00it/s, drift=6.751e-02, loss=6.526e-04]
[2026-03-18T07:40:12Z] epoch 1/30:  10%|█         | 202/2000 [00:09<01:21, 22.00it/s, drift=5.229e-02, loss=3.943e-04]
[2026-03-18T07:40:12Z] epoch 1/30:  10%|█         | 202/2000 [00:09<01:21, 22.00it/s, drift=4.321e-02, loss=2.699e-04]
[2026-03-18T07:40:12Z] epoch 1/30:  10%|█         | 205/2000 [00:09<01:21, 22.01it/s, drift=4.321e-02, loss=2.699e-04]
[2026-03-18T07:40:12Z] epoch 1/30:  10%|█         | 205/2000 [00:09<01:21, 22.01it/s, drift=5.111e-02, loss=3.857e-04]
[2026-03-18T07:40:12Z] epoch 1/30:  10%|█         | 205/2000 [00:09<01:21, 22.01it/s, drift=6.199e-02, loss=5.539e-04]
[2026-03-18T07:40:12Z] epoch 1/30:  10%|█         | 205/2000 [00:09<01:21, 22.01it/s, drift=9.197e-02, loss=1.216e-03]
[2026-03-18T07:40:12Z] epoch 1/30:  10%|█         | 208/2000 [00:09<01:21, 22.00it/s, drift=9.197e-02, loss=1.216e-03]
[2026-03-18T07:40:12Z] epoch 1/30:  10%|█         | 208/2000 [00:09<01:21, 22.00it/s, drift=8.100e-02, loss=9.393e-04]
[2026-03-18T07:40:12Z] epoch 1/30:  10%|█         | 208/2000 [00:09<01:21, 22.00it/s, drift=6.706e-02, loss=6.468e-04]
[2026-03-18T07:40:12Z] epoch 1/30:  10%|█         | 208/2000 [00:09<01:21, 22.00it/s, drift=7.306e-02, loss=7.644e-04]
[2026-03-18T07:40:12Z] epoch 1/30:  11%|█         | 211/2000 [00:09<01:21, 22.00it/s, drift=7.306e-02, loss=7.644e-04]
[2026-03-18T07:40:12Z] epoch 1/30:  11%|█         | 211/2000 [00:09<01:21, 22.00it/s, drift=7.346e-02, loss=7.747e-04]
[2026-03-18T07:40:12Z] epoch 1/30:  11%|█         | 211/2000 [00:09<01:21, 22.00it/s, drift=8.838e-02, loss=1.119e-03]
[2026-03-18T07:40:12Z] epoch 1/30:  11%|█         | 211/2000 [00:09<01:21, 22.00it/s, drift=8.301e-02, loss=9.857e-04]
[2026-03-18T07:40:12Z] epoch 1/30:  11%|█         | 214/2000 [00:09<01:21, 22.01it/s, drift=8.301e-02, loss=9.857e-04]
[2026-03-18T07:40:12Z] epoch 1/30:  11%|█         | 214/2000 [00:09<01:21, 22.01it/s, drift=6.400e-02, loss=5.893e-04]
[2026-03-18T07:40:12Z] epoch 1/30:  11%|█         | 214/2000 [00:10<01:21, 22.01it/s, drift=4.658e-02, loss=3.130e-04]
[2026-03-18T07:40:12Z] epoch 1/30:  11%|█         | 214/2000 [00:10<01:21, 22.01it/s, drift=5.545e-02, loss=4.453e-04]
[2026-03-18T07:40:12Z] epoch 1/30:  11%|█         | 217/2000 [00:10<01:20, 22.02it/s, drift=5.545e-02, loss=4.453e-04]
[2026-03-18T07:40:13Z] epoch 1/30:  11%|█         | 217/2000 [00:10<01:20, 22.02it/s, drift=6.352e-02, loss=5.778e-04]
[2026-03-18T07:40:13Z] epoch 1/30:  11%|█         | 217/2000 [00:10<01:20, 22.02it/s, drift=6.680e-02, loss=6.385e-04]
[2026-03-18T07:40:13Z] epoch 1/30:  11%|█         | 217/2000 [00:10<01:20, 22.02it/s, drift=6.083e-02, loss=5.323e-04]
[2026-03-18T07:40:13Z] epoch 1/30:  11%|█         | 220/2000 [00:10<01:20, 21.99it/s, drift=6.083e-02, loss=5.323e-04]
[2026-03-18T07:40:13Z] epoch 1/30:  11%|█         | 220/2000 [00:10<01:20, 21.99it/s, drift=7.575e-02, loss=8.225e-04]
[2026-03-18T07:40:13Z] epoch 1/30:  11%|█         | 220/2000 [00:10<01:20, 21.99it/s, drift=7.978e-02, loss=9.139e-04]
[2026-03-18T07:40:13Z] epoch 1/30:  11%|█         | 220/2000 [00:10<01:20, 21.99it/s, drift=4.578e-02, loss=3.008e-04]
[2026-03-18T07:40:13Z] epoch 1/30:  11%|█         | 223/2000 [00:10<01:20, 21.99it/s, drift=4.578e-02, loss=3.008e-04]
[2026-03-18T07:40:13Z] epoch 1/30:  11%|█         | 223/2000 [00:10<01:20, 21.99it/s, drift=9.445e-02, loss=1.283e-03]
[2026-03-18T07:40:13Z] epoch 1/30:  11%|█         | 223/2000 [00:10<01:20, 21.99it/s, drift=6.798e-02, loss=6.629e-04]
[2026-03-18T07:40:13Z] epoch 1/30:  11%|█         | 223/2000 [00:10<01:20, 21.99it/s, drift=6.734e-02, loss=6.522e-04]
[2026-03-18T07:40:13Z] epoch 1/30:  11%|█▏        | 226/2000 [00:10<01:20, 21.99it/s, drift=6.734e-02, loss=6.522e-04]
[2026-03-18T07:40:13Z] epoch 1/30:  11%|█▏        | 226/2000 [00:10<01:20, 21.99it/s, drift=5.916e-02, loss=5.060e-04]
[2026-03-18T07:40:13Z] epoch 1/30:  11%|█▏        | 226/2000 [00:10<01:20, 21.99it/s, drift=6.441e-02, loss=5.965e-04]
[2026-03-18T07:40:13Z] epoch 1/30:  11%|█▏        | 226/2000 [00:10<01:20, 21.99it/s, drift=8.541e-02, loss=1.048e-03]
[2026-03-18T07:40:13Z] epoch 1/30:  11%|█▏        | 229/2000 [00:10<01:20, 22.01it/s, drift=8.541e-02, loss=1.048e-03]
[2026-03-18T07:40:13Z] epoch 1/30:  11%|█▏        | 229/2000 [00:10<01:20, 22.01it/s, drift=6.641e-02, loss=6.339e-04]
[2026-03-18T07:40:13Z] epoch 1/30:  11%|█▏        | 229/2000 [00:10<01:20, 22.01it/s, drift=6.155e-02, loss=5.428e-04]
[2026-03-18T07:40:13Z] epoch 1/30:  11%|█▏        | 229/2000 [00:10<01:20, 22.01it/s, drift=4.475e-02, loss=2.899e-04]
[2026-03-18T07:40:13Z] epoch 1/30:  12%|█▏        | 232/2000 [00:10<01:20, 22.00it/s, drift=4.475e-02, loss=2.899e-04]
[2026-03-18T07:40:13Z] epoch 1/30:  12%|█▏        | 232/2000 [00:10<01:20, 22.00it/s, drift=7.683e-02, loss=8.463e-04]
[2026-03-18T07:40:13Z] epoch 1/30:  12%|█▏        | 232/2000 [00:10<01:20, 22.00it/s, drift=6.584e-02, loss=6.217e-04]
[2026-03-18T07:40:13Z] epoch 1/30:  12%|█▏        | 232/2000 [00:10<01:20, 22.00it/s, drift=5.413e-02, loss=4.214e-04]
[2026-03-18T07:40:13Z] epoch 1/30:  12%|█▏        | 235/2000 [00:10<01:20, 22.01it/s, drift=5.413e-02, loss=4.214e-04]
[2026-03-18T07:40:13Z] epoch 1/30:  12%|█▏        | 235/2000 [00:10<01:20, 22.01it/s, drift=1.153e-01, loss=1.900e-03]
[2026-03-18T07:40:13Z] epoch 1/30:  12%|█▏        | 235/2000 [00:10<01:20, 22.01it/s, drift=9.297e-02, loss=1.239e-03]
[2026-03-18T07:40:13Z] epoch 1/30:  12%|█▏        | 235/2000 [00:11<01:20, 22.01it/s, drift=5.761e-02, loss=4.772e-04]
[2026-03-18T07:40:13Z] epoch 1/30:  12%|█▏        | 238/2000 [00:11<01:20, 22.02it/s, drift=5.761e-02, loss=4.772e-04]
[2026-03-18T07:40:13Z] epoch 1/30:  12%|█▏        | 238/2000 [00:11<01:20, 22.02it/s, drift=7.271e-02, loss=7.581e-04]
[2026-03-18T07:40:14Z] epoch 1/30:  12%|█▏        | 238/2000 [00:11<01:20, 22.02it/s, drift=7.632e-02, loss=8.354e-04]
[2026-03-18T07:40:14Z] epoch 1/30:  12%|█▏        | 238/2000 [00:11<01:20, 22.02it/s, drift=9.171e-02, loss=1.208e-03]
[2026-03-18T07:40:14Z] epoch 1/30:  12%|█▏        | 241/2000 [00:11<01:19, 22.02it/s, drift=9.171e-02, loss=1.208e-03]
[2026-03-18T07:40:14Z] epoch 1/30:  12%|█▏        | 241/2000 [00:11<01:19, 22.02it/s, drift=1.280e-01, loss=2.342e-03]
[2026-03-18T07:40:14Z] epoch 1/30:  12%|█▏        | 241/2000 [00:11<01:19, 22.02it/s, drift=6.073e-02, loss=5.301e-04]
[2026-03-18T07:40:14Z] epoch 1/30:  12%|█▏        | 241/2000 [00:11<01:19, 22.02it/s, drift=6.522e-02, loss=6.134e-04]
[2026-03-18T07:40:14Z] epoch 1/30:  12%|█▏        | 244/2000 [00:11<01:19, 22.01it/s, drift=6.522e-02, loss=6.134e-04]
[2026-03-18T07:40:14Z] epoch 1/30:  12%|█▏        | 244/2000 [00:11<01:19, 22.01it/s, drift=7.465e-02, loss=7.997e-04]
[2026-03-18T07:40:14Z] epoch 1/30:  12%|█▏        | 244/2000 [00:11<01:19, 22.01it/s, drift=8.086e-02, loss=9.356e-04]
[2026-03-18T07:40:14Z] epoch 1/30:  12%|█▏        | 244/2000 [00:11<01:19, 22.01it/s, drift=1.091e-01, loss=1.702e-03]
[2026-03-18T07:40:14Z] epoch 1/30:  12%|█▏        | 247/2000 [00:11<01:19, 21.98it/s, drift=1.091e-01, loss=1.702e-03]
[2026-03-18T07:40:14Z] epoch 1/30:  12%|█▏        | 247/2000 [00:11<01:19, 21.98it/s, drift=9.953e-02, loss=1.421e-03]
[2026-03-18T07:40:14Z] epoch 1/30:  12%|█▏        | 247/2000 [00:11<01:19, 21.98it/s, drift=4.634e-02, loss=3.097e-04]
[2026-03-18T07:40:14Z] epoch 1/30:  12%|█▏        | 247/2000 [00:11<01:19, 21.98it/s, drift=5.179e-02, loss=3.850e-04]
[2026-03-18T07:40:14Z] epoch 1/30:  12%|█▎        | 250/2000 [00:11<01:19, 22.00it/s, drift=5.179e-02, loss=3.850e-04]
[2026-03-18T07:40:14Z] epoch 1/30:  12%|█▎        | 250/2000 [00:11<01:19, 22.00it/s, drift=7.414e-02, loss=7.925e-04]
[2026-03-18T07:40:14Z] epoch 1/30:  12%|█▎        | 250/2000 [00:11<01:19, 22.00it/s, drift=2.141e-02, loss=7.036e-05]
[2026-03-18T07:40:14Z] epoch 1/30:  12%|█▎        | 250/2000 [00:11<01:19, 22.00it/s, drift=6.776e-02, loss=6.573e-04]
[2026-03-18T07:40:14Z] epoch 1/30:  13%|█▎        | 253/2000 [00:11<01:19, 22.00it/s, drift=6.776e-02, loss=6.573e-04]
[2026-03-18T07:40:14Z] epoch 1/30:  13%|█▎        | 253/2000 [00:11<01:19, 22.00it/s, drift=9.594e-02, loss=1.317e-03]
[2026-03-18T07:40:14Z] epoch 1/30:  13%|█▎        | 253/2000 [00:11<01:19, 22.00it/s, drift=6.488e-02, loss=6.045e-04]
[2026-03-18T07:40:14Z] epoch 1/30:  13%|█▎        | 253/2000 [00:11<01:19, 22.00it/s, drift=7.058e-02, loss=7.133e-04]
[2026-03-18T07:40:14Z] epoch 1/30:  13%|█▎        | 256/2000 [00:11<01:19, 22.00it/s, drift=7.058e-02, loss=7.133e-04]
[2026-03-18T07:40:14Z] epoch 1/30:  13%|█▎        | 256/2000 [00:11<01:19, 22.00it/s, drift=6.531e-02, loss=6.145e-04]
[2026-03-18T07:40:14Z] epoch 1/30:  13%|█▎        | 256/2000 [00:11<01:19, 22.00it/s, drift=7.975e-02, loss=9.101e-04]
[2026-03-18T07:40:14Z] epoch 1/30:  13%|█▎        | 256/2000 [00:11<01:19, 22.00it/s, drift=4.337e-02, loss=2.720e-04]
[2026-03-18T07:40:14Z] epoch 1/30:  13%|█▎        | 259/2000 [00:11<01:19, 22.01it/s, drift=4.337e-02, loss=2.720e-04]
[2026-03-18T07:40:14Z] epoch 1/30:  13%|█▎        | 259/2000 [00:12<01:19, 22.01it/s, drift=7.648e-02, loss=8.375e-04]
[2026-03-18T07:40:14Z] epoch 1/30:  13%|█▎        | 259/2000 [00:12<01:19, 22.01it/s, drift=2.488e-02, loss=9.130e-05]
[2026-03-18T07:40:14Z] epoch 1/30:  13%|█▎        | 259/2000 [00:12<01:19, 22.01it/s, drift=5.431e-02, loss=4.283e-04]
[2026-03-18T07:40:15Z] epoch 1/30:  13%|█▎        | 262/2000 [00:12<01:18, 22.02it/s, drift=5.431e-02, loss=4.283e-04]
[2026-03-18T07:40:15Z] epoch 1/30:  13%|█▎        | 262/2000 [00:12<01:18, 22.02it/s, drift=4.514e-02, loss=2.935e-04]
[2026-03-18T07:40:15Z] epoch 1/30:  13%|█▎        | 262/2000 [00:12<01:18, 22.02it/s, drift=6.588e-02, loss=6.230e-04]
[2026-03-18T07:40:15Z] epoch 1/30:  13%|█▎        | 262/2000 [00:12<01:18, 22.02it/s, drift=4.491e-02, loss=2.900e-04]
[2026-03-18T07:40:15Z] epoch 1/30:  13%|█▎        | 265/2000 [00:12<01:18, 22.00it/s, drift=4.491e-02, loss=2.900e-04]
[2026-03-18T07:40:15Z] epoch 1/30:  13%|█▎        | 265/2000 [00:12<01:18, 22.00it/s, drift=4.169e-02, loss=2.521e-04]
[2026-03-18T07:40:15Z] epoch 1/30:  13%|█▎        | 265/2000 [00:12<01:18, 22.00it/s, drift=7.213e-02, loss=7.462e-04]
[2026-03-18T07:40:15Z] epoch 1/30:  13%|█▎        | 265/2000 [00:12<01:18, 22.00it/s, drift=7.224e-02, loss=7.507e-04]
[2026-03-18T07:40:15Z] epoch 1/30:  13%|█▎        | 268/2000 [00:12<01:18, 22.00it/s, drift=7.224e-02, loss=7.507e-04]
[2026-03-18T07:40:15Z] epoch 1/30:  13%|█▎        | 268/2000 [00:12<01:18, 22.00it/s, drift=7.352e-02, loss=7.747e-04]
[2026-03-18T07:40:15Z] epoch 1/30:  13%|█▎        | 268/2000 [00:12<01:18, 22.00it/s, drift=1.040e-01, loss=1.547e-03]
[2026-03-18T07:40:15Z] epoch 1/30:  13%|█▎        | 268/2000 [00:12<01:18, 22.00it/s, drift=6.095e-02, loss=5.340e-04]
[2026-03-18T07:40:15Z] epoch 1/30:  14%|█▎        | 271/2000 [00:12<01:18, 22.01it/s, drift=6.095e-02, loss=5.340e-04]
[2026-03-18T07:40:15Z] epoch 1/30:  14%|█▎        | 271/2000 [00:12<01:18, 22.01it/s, drift=9.682e-02, loss=1.342e-03]
[2026-03-18T07:40:15Z] epoch 1/30:  14%|█▎        | 271/2000 [00:12<01:18, 22.01it/s, drift=8.052e-02, loss=9.271e-04]
[2026-03-18T07:40:15Z] epoch 1/30:  14%|█▎        | 271/2000 [00:12<01:18, 22.01it/s, drift=9.198e-02, loss=1.212e-03]
[2026-03-18T07:40:15Z] epoch 1/30:  14%|█▎        | 274/2000 [00:12<01:18, 22.01it/s, drift=9.198e-02, loss=1.212e-03]
[2026-03-18T07:40:15Z] epoch 1/30:  14%|█▎        | 274/2000 [00:12<01:18, 22.01it/s, drift=1.096e-01, loss=1.717e-03]
[2026-03-18T07:40:15Z] epoch 1/30:  14%|█▎        | 274/2000 [00:12<01:18, 22.01it/s, drift=8.377e-02, loss=1.007e-03]
[2026-03-18T07:40:15Z] epoch 1/30:  14%|█▎        | 274/2000 [00:12<01:18, 22.01it/s, drift=7.030e-02, loss=7.109e-04]
[2026-03-18T07:40:15Z] epoch 1/30:  14%|█▍        | 277/2000 [00:12<01:18, 22.01it/s, drift=7.030e-02, loss=7.109e-04]
[2026-03-18T07:40:15Z] epoch 1/30:  14%|█▍        | 277/2000 [00:12<01:18, 22.01it/s, drift=6.617e-02, loss=6.279e-04]
[2026-03-18T07:40:15Z] epoch 1/30:  14%|█▍        | 277/2000 [00:12<01:18, 22.01it/s, drift=6.955e-02, loss=6.939e-04]
[2026-03-18T07:40:15Z] epoch 1/30:  14%|█▍        | 277/2000 [00:12<01:18, 22.01it/s, drift=9.134e-02, loss=1.195e-03]
[2026-03-18T07:40:15Z] epoch 1/30:  14%|█▍        | 280/2000 [00:12<01:18, 22.00it/s, drift=9.134e-02, loss=1.195e-03]
[2026-03-18T07:40:15Z] epoch 1/30:  14%|█▍        | 280/2000 [00:12<01:18, 22.00it/s, drift=7.717e-02, loss=8.529e-04]
[2026-03-18T07:40:15Z] epoch 1/30:  14%|█▍        | 280/2000 [00:13<01:18, 22.00it/s, drift=9.037e-02, loss=1.169e-03]
[2026-03-18T07:40:15Z] epoch 1/30:  14%|█▍        | 280/2000 [00:13<01:18, 22.00it/s, drift=6.608e-02, loss=6.281e-04]
[2026-03-18T07:40:15Z] epoch 1/30:  14%|█▍        | 283/2000 [00:13<01:18, 22.01it/s, drift=6.608e-02, loss=6.281e-04]
[2026-03-18T07:40:16Z] epoch 1/30:  14%|█▍        | 283/2000 [00:13<01:18, 22.01it/s, drift=5.335e-02, loss=4.092e-04]
[2026-03-18T07:40:16Z] epoch 1/30:  14%|█▍        | 283/2000 [00:13<01:18, 22.01it/s, drift=7.804e-02, loss=8.731e-04]
[2026-03-18T07:40:16Z] epoch 1/30:  14%|█▍        | 283/2000 [00:13<01:18, 22.01it/s, drift=8.275e-02, loss=9.806e-04]
[2026-03-18T07:40:16Z] epoch 1/30:  14%|█▍        | 286/2000 [00:13<01:17, 22.01it/s, drift=8.275e-02, loss=9.806e-04]
[2026-03-18T07:40:16Z] epoch 1/30:  14%|█▍        | 286/2000 [00:13<01:17, 22.01it/s, drift=1.084e-01, loss=1.681e-03]
[2026-03-18T07:40:16Z] epoch 1/30:  14%|█▍        | 286/2000 [00:13<01:17, 22.01it/s, drift=9.358e-02, loss=1.253e-03]
[2026-03-18T07:40:16Z] epoch 1/30:  14%|█▍        | 286/2000 [00:13<01:17, 22.01it/s, drift=5.639e-02, loss=4.558e-04]
[2026-03-18T07:40:16Z] epoch 1/30:  14%|█▍        | 289/2000 [00:13<01:17, 22.01it/s, drift=5.639e-02, loss=4.558e-04]
[2026-03-18T07:40:16Z] epoch 1/30:  14%|█▍        | 289/2000 [00:13<01:17, 22.01it/s, drift=5.922e-02, loss=5.075e-04]
[2026-03-18T07:40:16Z] epoch 1/30:  14%|█▍        | 289/2000 [00:13<01:17, 22.01it/s, drift=6.234e-02, loss=5.589e-04]
[2026-03-18T07:40:16Z] epoch 1/30:  14%|█▍        | 289/2000 [00:13<01:17, 22.01it/s, drift=7.458e-02, loss=7.981e-04]
[2026-03-18T07:40:16Z] epoch 1/30:  15%|█▍        | 292/2000 [00:13<01:17, 22.01it/s, drift=7.458e-02, loss=7.981e-04]
[2026-03-18T07:40:16Z] epoch 1/30:  15%|█▍        | 292/2000 [00:13<01:17, 22.01it/s, drift=8.670e-02, loss=1.077e-03]
[2026-03-18T07:40:16Z] epoch 1/30:  15%|█▍        | 292/2000 [00:13<01:17, 22.01it/s, drift=7.126e-02, loss=7.279e-04]
[2026-03-18T07:40:16Z] epoch 1/30:  15%|█▍        | 292/2000 [00:13<01:17, 22.01it/s, drift=8.658e-02, loss=1.075e-03]
[2026-03-18T07:40:16Z] epoch 1/30:  15%|█▍        | 295/2000 [00:13<01:17, 22.02it/s, drift=8.658e-02, loss=1.075e-03]
[2026-03-18T07:40:16Z] epoch 1/30:  15%|█▍        | 295/2000 [00:13<01:17, 22.02it/s, drift=8.782e-02, loss=1.104e-03]
[2026-03-18T07:40:16Z] epoch 1/30:  15%|█▍        | 295/2000 [00:13<01:17, 22.02it/s, drift=8.044e-02, loss=9.266e-04]
[2026-03-18T07:40:16Z] epoch 1/30:  15%|█▍        | 295/2000 [00:13<01:17, 22.02it/s, drift=6.075e-02, loss=5.318e-04]
[2026-03-18T07:40:16Z] epoch 1/30:  15%|█▍        | 298/2000 [00:13<01:17, 22.01it/s, drift=6.075e-02, loss=5.318e-04]
[2026-03-18T07:40:16Z] epoch 1/30:  15%|█▍        | 298/2000 [00:13<01:17, 22.01it/s, drift=5.040e-02, loss=3.684e-04]
[2026-03-18T07:40:16Z] epoch 1/30:  15%|█▍        | 298/2000 [00:13<01:17, 22.01it/s, drift=8.735e-02, loss=1.094e-03]
[2026-03-18T07:40:16Z] epoch 1/30:  15%|█▍        | 298/2000 [00:13<01:17, 22.01it/s, drift=8.088e-02, loss=9.369e-04]
[2026-03-18T07:40:16Z] epoch 1/30:  15%|█▌        | 301/2000 [00:13<01:17, 22.01it/s, drift=8.088e-02, loss=9.369e-04]
[2026-03-18T07:40:16Z] epoch 1/30:  15%|█▌        | 301/2000 [00:13<01:17, 22.01it/s, drift=8.645e-02, loss=1.070e-03]
[2026-03-18T07:40:16Z] epoch 1/30:  15%|█▌        | 301/2000 [00:13<01:17, 22.01it/s, drift=6.166e-02, loss=5.464e-04]
[2026-03-18T07:40:16Z] epoch 1/30:  15%|█▌        | 301/2000 [00:14<01:17, 22.01it/s, drift=9.837e-02, loss=1.387e-03]
[2026-03-18T07:40:16Z] epoch 1/30:  15%|█▌        | 304/2000 [00:14<01:17, 22.00it/s, drift=9.837e-02, loss=1.387e-03]
[2026-03-18T07:40:16Z] epoch 1/30:  15%|█▌        | 304/2000 [00:14<01:17, 22.00it/s, drift=5.021e-02, loss=3.639e-04]
[2026-03-18T07:40:17Z] epoch 1/30:  15%|█▌        | 304/2000 [00:14<01:17, 22.00it/s, drift=5.273e-02, loss=3.985e-04]
[2026-03-18T07:40:17Z] epoch 1/30:  15%|█▌        | 304/2000 [00:14<01:17, 22.00it/s, drift=7.299e-02, loss=7.658e-04]
[2026-03-18T07:40:17Z] epoch 1/30:  15%|█▌        | 307/2000 [00:14<01:16, 22.01it/s, drift=7.299e-02, loss=7.658e-04]
[2026-03-18T07:40:17Z] epoch 1/30:  15%|█▌        | 307/2000 [00:14<01:16, 22.01it/s, drift=4.822e-02, loss=3.347e-04]
[2026-03-18T07:40:17Z] epoch 1/30:  15%|█▌        | 307/2000 [00:14<01:16, 22.01it/s, drift=7.597e-02, loss=8.295e-04]
[2026-03-18T07:40:17Z] epoch 1/30:  15%|█▌        | 307/2000 [00:14<01:16, 22.01it/s, drift=9.981e-02, loss=1.425e-03]
[2026-03-18T07:40:17Z] epoch 1/30:  16%|█▌        | 310/2000 [00:14<01:17, 21.92it/s, drift=9.981e-02, loss=1.425e-03]
[2026-03-18T07:40:17Z] epoch 1/30:  16%|█▌        | 310/2000 [00:14<01:17, 21.92it/s, drift=6.274e-02, loss=5.678e-04]
[2026-03-18T07:40:17Z] epoch 1/30:  16%|█▌        | 310/2000 [00:14<01:17, 21.92it/s, drift=8.604e-02, loss=1.063e-03]
[2026-03-18T07:40:17Z] epoch 1/30:  16%|█▌        | 310/2000 [00:14<01:17, 21.92it/s, drift=1.080e-01, loss=1.668e-03]
[2026-03-18T07:40:17Z] epoch 1/30:  16%|█▌        | 313/2000 [00:14<01:17, 21.78it/s, drift=1.080e-01, loss=1.668e-03]
[2026-03-18T07:40:17Z] epoch 1/30:  16%|█▌        | 313/2000 [00:14<01:17, 21.78it/s, drift=8.820e-02, loss=1.114e-03]
[2026-03-18T07:40:17Z] epoch 1/30:  16%|█▌        | 313/2000 [00:14<01:17, 21.78it/s, drift=8.438e-02, loss=1.023e-03]
[2026-03-18T07:40:17Z] epoch 1/30:  16%|█▌        | 313/2000 [00:14<01:17, 21.78it/s, drift=1.106e-01, loss=1.747e-03]
[2026-03-18T07:40:17Z] epoch 1/30:  16%|█▌        | 316/2000 [00:14<01:17, 21.73it/s, drift=1.106e-01, loss=1.747e-03]
[2026-03-18T07:40:17Z] epoch 1/30:  16%|█▌        | 316/2000 [00:14<01:17, 21.73it/s, drift=1.095e-01, loss=1.716e-03]
[2026-03-18T07:40:17Z] epoch 1/30:  16%|█▌        | 316/2000 [00:14<01:17, 21.73it/s, drift=1.202e-01, loss=2.066e-03]
[2026-03-18T07:40:17Z] epoch 1/30:  16%|█▌        | 316/2000 [00:14<01:17, 21.73it/s, drift=6.351e-02, loss=5.810e-04]
[2026-03-18T07:40:17Z] epoch 1/30:  16%|█▌        | 319/2000 [00:14<01:17, 21.76it/s, drift=6.351e-02, loss=5.810e-04]
[2026-03-18T07:40:17Z] epoch 1/30:  16%|█▌        | 319/2000 [00:14<01:17, 21.76it/s, drift=5.764e-02, loss=4.767e-04]
[2026-03-18T07:40:17Z] epoch 1/30:  16%|█▌        | 319/2000 [00:14<01:17, 21.76it/s, drift=5.693e-02, loss=4.680e-04]
[2026-03-18T07:40:17Z] epoch 1/30:  16%|█▌        | 319/2000 [00:14<01:17, 21.76it/s, drift=7.145e-02, loss=7.353e-04]
[2026-03-18T07:40:17Z] epoch 1/30:  16%|█▌        | 322/2000 [00:14<01:17, 21.67it/s, drift=7.145e-02, loss=7.353e-04]
[2026-03-18T07:40:17Z] epoch 1/30:  16%|█▌        | 322/2000 [00:14<01:17, 21.67it/s, drift=1.151e-01, loss=1.896e-03]
[2026-03-18T07:40:17Z] epoch 1/30:  16%|█▌        | 322/2000 [00:14<01:17, 21.67it/s, drift=1.133e-01, loss=1.839e-03]
[2026-03-18T07:40:17Z] epoch 1/30:  16%|█▌        | 322/2000 [00:14<01:17, 21.67it/s, drift=1.153e-01, loss=1.903e-03]
[2026-03-18T07:40:17Z] epoch 1/30:  16%|█▋        | 325/2000 [00:14<01:17, 21.61it/s, drift=1.153e-01, loss=1.903e-03]
[2026-03-18T07:40:17Z] epoch 1/30:  16%|█▋        | 325/2000 [00:15<01:17, 21.61it/s, drift=9.270e-02, loss=1.234e-03]
[2026-03-18T07:40:18Z] epoch 1/30:  16%|█▋        | 325/2000 [00:15<01:17, 21.61it/s, drift=7.165e-02, loss=7.365e-04]
[2026-03-18T07:40:18Z] epoch 1/30:  16%|█▋        | 325/2000 [00:15<01:17, 21.61it/s, drift=8.348e-02, loss=9.971e-04]
[2026-03-18T07:40:18Z] epoch 1/30:  16%|█▋        | 328/2000 [00:15<01:17, 21.70it/s, drift=8.348e-02, loss=9.971e-04]
[2026-03-18T07:40:18Z] epoch 1/30:  16%|█▋        | 328/2000 [00:15<01:17, 21.70it/s, drift=9.585e-02, loss=1.319e-03]
[2026-03-18T07:40:18Z] epoch 1/30:  16%|█▋        | 328/2000 [00:15<01:17, 21.70it/s, drift=1.111e-01, loss=1.767e-03]
[2026-03-18T07:40:18Z] epoch 1/30:  16%|█▋        | 328/2000 [00:15<01:17, 21.70it/s, drift=8.200e-02, loss=9.626e-04]
[2026-03-18T07:40:18Z] epoch 1/30:  17%|█▋        | 331/2000 [00:15<01:17, 21.57it/s, drift=8.200e-02, loss=9.626e-04]
[2026-03-18T07:40:18Z] epoch 1/30:  17%|█▋        | 331/2000 [00:15<01:17, 21.57it/s, drift=8.795e-02, loss=1.108e-03]
[2026-03-18T07:40:18Z] epoch 1/30:  17%|█▋        | 331/2000 [00:15<01:17, 21.57it/s, drift=1.139e-01, loss=1.860e-03]
[2026-03-18T07:40:18Z] epoch 1/30:  17%|█▋        | 331/2000 [00:15<01:17, 21.57it/s, drift=9.542e-02, loss=1.307e-03]
[2026-03-18T07:40:18Z] epoch 1/30:  17%|█▋        | 334/2000 [00:15<01:18, 21.34it/s, drift=9.542e-02, loss=1.307e-03]
[2026-03-18T07:40:18Z] epoch 1/30:  17%|█▋        | 334/2000 [00:15<01:18, 21.34it/s, drift=1.002e-01, loss=1.437e-03]
[2026-03-18T07:40:18Z] epoch 1/30:  17%|█▋        | 334/2000 [00:15<01:18, 21.34it/s, drift=8.042e-02, loss=9.276e-04]
[2026-03-18T07:40:18Z] epoch 1/30:  17%|█▋        | 334/2000 [00:15<01:18, 21.34it/s, drift=1.020e-01, loss=1.491e-03]
[2026-03-18T07:40:18Z] epoch 1/30:  17%|█▋        | 337/2000 [00:15<01:16, 21.74it/s, drift=1.020e-01, loss=1.491e-03]
[2026-03-18T07:40:18Z] epoch 1/30:  17%|█▋        | 337/2000 [00:15<01:16, 21.74it/s, drift=5.522e-02, loss=4.378e-04]
[2026-03-18T07:40:18Z] epoch 1/30:  17%|█▋        | 337/2000 [00:15<01:16, 21.74it/s, drift=6.649e-02, loss=6.353e-04]
[2026-03-18T07:40:18Z] epoch 1/30:  17%|█▋        | 337/2000 [00:15<01:16, 21.74it/s, drift=1.078e-01, loss=1.663e-03]
[2026-03-18T07:40:18Z] epoch 1/30:  17%|█▋        | 340/2000 [00:15<01:17, 21.47it/s, drift=1.078e-01, loss=1.663e-03]
[2026-03-18T07:40:18Z] epoch 1/30:  17%|█▋        | 340/2000 [00:15<01:17, 21.47it/s, drift=1.202e-01, loss=2.065e-03]
[2026-03-18T07:40:18Z] epoch 1/30:  17%|█▋        | 340/2000 [00:15<01:17, 21.47it/s, drift=9.993e-02, loss=1.430e-03]
[2026-03-18T07:40:18Z] epoch 1/30:  17%|█▋        | 340/2000 [00:15<01:17, 21.47it/s, drift=8.091e-02, loss=9.361e-04]
[2026-03-18T07:40:18Z] epoch 1/30:  17%|█▋        | 343/2000 [00:15<01:16, 21.73it/s, drift=8.091e-02, loss=9.361e-04]
[2026-03-18T07:40:18Z] epoch 1/30:  17%|█▋        | 343/2000 [00:15<01:16, 21.73it/s, drift=6.796e-02, loss=6.619e-04]
[2026-03-18T07:40:18Z] epoch 1/30:  17%|█▋        | 343/2000 [00:15<01:16, 21.73it/s, drift=4.900e-02, loss=3.467e-04]
[2026-03-18T07:40:18Z] epoch 1/30:  17%|█▋        | 343/2000 [00:15<01:16, 21.73it/s, drift=7.535e-02, loss=8.145e-04]
[2026-03-18T07:40:18Z] epoch 1/30:  17%|█▋        | 346/2000 [00:15<01:15, 21.93it/s, drift=7.535e-02, loss=8.145e-04]
[2026-03-18T07:40:18Z] epoch 1/30:  17%|█▋        | 346/2000 [00:16<01:15, 21.93it/s, drift=9.801e-02, loss=1.375e-03]
[2026-03-18T07:40:18Z] epoch 1/30:  17%|█▋        | 346/2000 [00:16<01:15, 21.93it/s, drift=9.321e-02, loss=1.247e-03]
[2026-03-18T07:40:18Z] epoch 1/30:  17%|█▋        | 346/2000 [00:16<01:15, 21.93it/s, drift=5.862e-02, loss=4.939e-04]
[2026-03-18T07:40:19Z] epoch 1/30:  17%|█▋        | 349/2000 [00:16<01:16, 21.61it/s, drift=5.862e-02, loss=4.939e-04]
[2026-03-18T07:40:19Z] epoch 1/30:  17%|█▋        | 349/2000 [00:16<01:16, 21.61it/s, drift=9.026e-02, loss=1.168e-03]
[2026-03-18T07:40:19Z] epoch 1/30:  17%|█▋        | 349/2000 [00:16<01:16, 21.61it/s, drift=1.041e-01, loss=1.551e-03]
[2026-03-18T07:40:19Z] epoch 1/30:  17%|█▋        | 349/2000 [00:16<01:16, 21.61it/s, drift=9.496e-02, loss=1.290e-03]
[2026-03-18T07:40:19Z] epoch 1/30:  18%|█▊        | 352/2000 [00:16<01:15, 21.71it/s, drift=9.496e-02, loss=1.290e-03]
[2026-03-18T07:40:19Z] epoch 1/30:  18%|█▊        | 352/2000 [00:16<01:15, 21.71it/s, drift=6.869e-02, loss=6.772e-04]
[2026-03-18T07:40:19Z] epoch 1/30:  18%|█▊        | 352/2000 [00:16<01:15, 21.71it/s, drift=6.862e-02, loss=6.745e-04]
[2026-03-18T07:40:19Z] epoch 1/30:  18%|█▊        | 352/2000 [00:16<01:15, 21.71it/s, drift=8.176e-02, loss=9.577e-04]
[2026-03-18T07:40:19Z] epoch 1/30:  18%|█▊        | 355/2000 [00:16<01:16, 21.47it/s, drift=8.176e-02, loss=9.577e-04]
[2026-03-18T07:40:19Z] epoch 1/30:  18%|█▊        | 355/2000 [00:16<01:16, 21.47it/s, drift=5.102e-02, loss=3.739e-04]
[2026-03-18T07:40:19Z] epoch 1/30:  18%|█▊        | 355/2000 [00:16<01:16, 21.47it/s, drift=1.149e-01, loss=1.889e-03]
[2026-03-18T07:40:19Z] epoch 1/30:  18%|█▊        | 355/2000 [00:16<01:16, 21.47it/s, drift=8.827e-02, loss=1.116e-03]
[2026-03-18T07:40:19Z] epoch 1/30:  18%|█▊        | 358/2000 [00:16<01:15, 21.72it/s, drift=8.827e-02, loss=1.116e-03]
[2026-03-18T07:40:19Z] epoch 1/30:  18%|█▊        | 358/2000 [00:16<01:15, 21.72it/s, drift=1.095e-01, loss=1.714e-03]
[2026-03-18T07:40:19Z] epoch 1/30:  18%|█▊        | 358/2000 [00:16<01:15, 21.72it/s, drift=4.215e-02, loss=2.566e-04]
[2026-03-18T07:40:19Z] epoch 1/30:  18%|█▊        | 358/2000 [00:16<01:15, 21.72it/s, drift=5.331e-02, loss=4.077e-04]
[2026-03-18T07:40:19Z] epoch 1/30:  18%|█▊        | 361/2000 [00:16<01:16, 21.40it/s, drift=5.331e-02, loss=4.077e-04]
[2026-03-18T07:40:19Z] epoch 1/30:  18%|█▊        | 361/2000 [00:16<01:16, 21.40it/s, drift=5.462e-02, loss=4.287e-04]
[2026-03-18T07:40:19Z] epoch 1/30:  18%|█▊        | 361/2000 [00:16<01:16, 21.40it/s, drift=6.614e-02, loss=6.307e-04]
[2026-03-18T07:40:19Z] epoch 1/30:  18%|█▊        | 361/2000 [00:16<01:16, 21.40it/s, drift=7.507e-02, loss=8.110e-04]
[2026-03-18T07:40:19Z] epoch 1/30:  18%|█▊        | 364/2000 [00:16<01:15, 21.72it/s, drift=7.507e-02, loss=8.110e-04]
[2026-03-18T07:40:19Z] epoch 1/30:  18%|█▊        | 364/2000 [00:16<01:15, 21.72it/s, drift=1.171e-01, loss=1.967e-03]
[2026-03-18T07:40:19Z] epoch 1/30:  18%|█▊        | 364/2000 [00:16<01:15, 21.72it/s, drift=5.924e-02, loss=5.040e-04]
[2026-03-18T07:40:19Z] epoch 1/30:  18%|█▊        | 364/2000 [00:16<01:15, 21.72it/s, drift=5.160e-02, loss=3.835e-04]
[2026-03-18T07:40:19Z] epoch 1/30:  18%|█▊        | 367/2000 [00:16<01:16, 21.42it/s, drift=5.160e-02, loss=3.835e-04]
[2026-03-18T07:40:19Z] epoch 1/30:  18%|█▊        | 367/2000 [00:16<01:16, 21.42it/s, drift=6.450e-02, loss=5.976e-04]
[2026-03-18T07:40:19Z] epoch 1/30:  18%|█▊        | 367/2000 [00:17<01:16, 21.42it/s, drift=7.121e-02, loss=7.282e-04]
[2026-03-18T07:40:19Z] epoch 1/30:  18%|█▊        | 367/2000 [00:17<01:16, 21.42it/s, drift=6.396e-02, loss=5.859e-04]
[2026-03-18T07:40:20Z] epoch 1/30:  18%|█▊        | 370/2000 [00:17<01:15, 21.65it/s, drift=6.396e-02, loss=5.859e-04]
[2026-03-18T07:40:20Z] epoch 1/30:  18%|█▊        | 370/2000 [00:17<01:15, 21.65it/s, drift=8.670e-02, loss=1.078e-03]
[2026-03-18T07:40:20Z] epoch 1/30:  18%|█▊        | 370/2000 [00:17<01:15, 21.65it/s, drift=1.084e-01, loss=1.683e-03]
[2026-03-18T07:40:20Z] epoch 1/30:  18%|█▊        | 370/2000 [00:17<01:15, 21.65it/s, drift=5.509e-02, loss=4.371e-04]
[2026-03-18T07:40:20Z] epoch 1/30:  19%|█▊        | 373/2000 [00:17<01:16, 21.40it/s, drift=5.509e-02, loss=4.371e-04]
[2026-03-18T07:40:20Z] epoch 1/30:  19%|█▊        | 373/2000 [00:17<01:16, 21.40it/s, drift=6.768e-02, loss=6.618e-04]
[2026-03-18T07:40:20Z] epoch 1/30:  19%|█▊        | 373/2000 [00:17<01:16, 21.40it/s, drift=7.636e-02, loss=8.356e-04]
[2026-03-18T07:40:20Z] epoch 1/30:  19%|█▊        | 373/2000 [00:17<01:16, 21.40it/s, drift=5.631e-02, loss=4.585e-04]
[2026-03-18T07:40:20Z] epoch 1/30:  19%|█▉        | 376/2000 [00:17<01:14, 21.78it/s, drift=5.631e-02, loss=4.585e-04]
[2026-03-18T07:40:20Z] epoch 1/30:  19%|█▉        | 376/2000 [00:17<01:14, 21.78it/s, drift=8.989e-02, loss=1.157e-03]
[2026-03-18T07:40:20Z] epoch 1/30:  19%|█▉        | 376/2000 [00:17<01:14, 21.78it/s, drift=5.772e-02, loss=4.797e-04]
[2026-03-18T07:40:20Z] epoch 1/30:  19%|█▉        | 376/2000 [00:17<01:14, 21.78it/s, drift=5.507e-02, loss=4.397e-04]
[2026-03-18T07:40:20Z] epoch 1/30:  19%|█▉        | 379/2000 [00:17<01:15, 21.39it/s, drift=5.507e-02, loss=4.397e-04]
[2026-03-18T07:40:20Z] epoch 1/30:  19%|█▉        | 379/2000 [00:17<01:15, 21.39it/s, drift=9.215e-02, loss=1.219e-03]
[2026-03-18T07:40:20Z] epoch 1/30:  19%|█▉        | 379/2000 [00:17<01:15, 21.39it/s, drift=5.658e-02, loss=4.628e-04]
[2026-03-18T07:40:20Z] epoch 1/30:  19%|█▉        | 379/2000 [00:17<01:15, 21.39it/s, drift=4.618e-02, loss=3.118e-04]
[2026-03-18T07:40:20Z] epoch 1/30:  19%|█▉        | 382/2000 [00:17<01:14, 21.78it/s, drift=4.618e-02, loss=3.118e-04]
[2026-03-18T07:40:20Z] epoch 1/30:  19%|█▉        | 382/2000 [00:17<01:14, 21.78it/s, drift=8.408e-02, loss=1.013e-03]
[2026-03-18T07:40:20Z] epoch 1/30:  19%|█▉        | 382/2000 [00:17<01:14, 21.78it/s, drift=6.151e-02, loss=5.427e-04]
[2026-03-18T07:40:20Z] epoch 1/30:  19%|█▉        | 382/2000 [00:17<01:14, 21.78it/s, drift=6.464e-02, loss=6.005e-04]
[2026-03-18T07:40:20Z] epoch 1/30:  19%|█▉        | 385/2000 [00:17<01:15, 21.49it/s, drift=6.464e-02, loss=6.005e-04]
[2026-03-18T07:40:20Z] epoch 1/30:  19%|█▉        | 385/2000 [00:17<01:15, 21.49it/s, drift=5.955e-02, loss=5.088e-04]
[2026-03-18T07:40:20Z] epoch 1/30:  19%|█▉        | 385/2000 [00:17<01:15, 21.49it/s, drift=4.543e-02, loss=2.969e-04]
[2026-03-18T07:40:20Z] epoch 1/30:  19%|█▉        | 385/2000 [00:17<01:15, 21.49it/s, drift=4.727e-02, loss=3.226e-04]
[2026-03-18T07:40:20Z] epoch 1/30:  19%|█▉        | 388/2000 [00:17<01:13, 21.86it/s, drift=4.727e-02, loss=3.226e-04]
[2026-03-18T07:40:20Z] epoch 1/30:  19%|█▉        | 388/2000 [00:17<01:13, 21.86it/s, drift=6.135e-02, loss=5.426e-04]
[2026-03-18T07:40:20Z] epoch 1/30:  19%|█▉        | 388/2000 [00:18<01:13, 21.86it/s, drift=4.549e-02, loss=2.986e-04]
[2026-03-18T07:40:20Z] epoch 1/30:  19%|█▉        | 388/2000 [00:18<01:13, 21.86it/s, drift=6.156e-02, loss=5.465e-04]
[2026-03-18T07:40:20Z] epoch 1/30:  20%|█▉        | 391/2000 [00:18<01:14, 21.53it/s, drift=6.156e-02, loss=5.465e-04]
[2026-03-18T07:40:21Z] epoch 1/30:  20%|█▉        | 391/2000 [00:18<01:14, 21.53it/s, drift=4.934e-02, loss=3.491e-04]
[2026-03-18T07:40:21Z] epoch 1/30:  20%|█▉        | 391/2000 [00:18<01:14, 21.53it/s, drift=4.277e-02, loss=2.657e-04]
[2026-03-18T07:40:21Z] epoch 1/30:  20%|█▉        | 391/2000 [00:18<01:14, 21.53it/s, drift=5.206e-02, loss=3.910e-04]
[2026-03-18T07:40:21Z] epoch 1/30:  20%|█▉        | 394/2000 [00:18<01:13, 21.88it/s, drift=5.206e-02, loss=3.910e-04]
[2026-03-18T07:40:21Z] epoch 1/30:  20%|█▉        | 394/2000 [00:18<01:13, 21.88it/s, drift=6.432e-02, loss=5.948e-04]
[2026-03-18T07:40:21Z] epoch 1/30:  20%|█▉        | 394/2000 [00:18<01:13, 21.88it/s, drift=4.472e-02, loss=2.918e-04]
[2026-03-18T07:40:21Z] epoch 1/30:  20%|█▉        | 394/2000 [00:18<01:13, 21.88it/s, drift=6.627e-02, loss=6.294e-04]
[2026-03-18T07:40:21Z] epoch 1/30:  20%|█▉        | 397/2000 [00:18<01:14, 21.56it/s, drift=6.627e-02, loss=6.294e-04]
[2026-03-18T07:40:21Z] epoch 1/30:  20%|█▉        | 397/2000 [00:18<01:14, 21.56it/s, drift=1.001e-01, loss=1.433e-03]
[2026-03-18T07:40:21Z] epoch 1/30:  20%|█▉        | 397/2000 [00:18<01:14, 21.56it/s, drift=8.449e-02, loss=1.022e-03]
[2026-03-18T07:40:21Z] epoch 1/30:  20%|█▉        | 397/2000 [00:18<01:14, 21.56it/s, drift=6.416e-02, loss=5.908e-04]
[2026-03-18T07:40:21Z] epoch 1/30:  20%|██        | 400/2000 [00:18<01:13, 21.90it/s, drift=6.416e-02, loss=5.908e-04]
[2026-03-18T07:40:21Z] epoch 1/30:  20%|██        | 400/2000 [00:18<01:13, 21.90it/s, drift=7.356e-02, loss=7.760e-04]
[2026-03-18T07:40:21Z] epoch 1/30:  20%|██        | 400/2000 [00:18<01:13, 21.90it/s, drift=9.572e-02, loss=1.311e-03]
[2026-03-18T07:40:21Z] epoch 1/30:  20%|██        | 400/2000 [00:18<01:13, 21.90it/s, drift=9.933e-02, loss=1.411e-03]
[2026-03-18T07:40:21Z] epoch 1/30:  20%|██        | 403/2000 [00:18<01:13, 21.59it/s, drift=9.933e-02, loss=1.411e-03]
[2026-03-18T07:40:21Z] epoch 1/30:  20%|██        | 403/2000 [00:18<01:13, 21.59it/s, drift=6.691e-02, loss=6.430e-04]
[2026-03-18T07:40:21Z] epoch 1/30:  20%|██        | 403/2000 [00:18<01:13, 21.59it/s, drift=7.907e-02, loss=8.947e-04]
[2026-03-18T07:40:21Z] epoch 1/30:  20%|██        | 403/2000 [00:18<01:13, 21.59it/s, drift=6.823e-02, loss=6.679e-04]
[2026-03-18T07:40:21Z] epoch 1/30:  20%|██        | 406/2000 [00:18<01:13, 21.83it/s, drift=6.823e-02, loss=6.679e-04]
[2026-03-18T07:40:21Z] epoch 1/30:  20%|██        | 406/2000 [00:18<01:13, 21.83it/s, drift=6.421e-02, loss=5.929e-04]
[2026-03-18T07:40:21Z] epoch 1/30:  20%|██        | 406/2000 [00:18<01:13, 21.83it/s, drift=8.603e-02, loss=1.063e-03]
[2026-03-18T07:40:21Z] epoch 1/30:  20%|██        | 406/2000 [00:18<01:13, 21.83it/s, drift=5.425e-02, loss=4.236e-04]
[2026-03-18T07:40:21Z] epoch 1/30:  20%|██        | 409/2000 [00:18<01:13, 21.69it/s, drift=5.425e-02, loss=4.236e-04]
[2026-03-18T07:40:21Z] epoch 1/30:  20%|██        | 409/2000 [00:18<01:13, 21.69it/s, drift=8.032e-02, loss=9.244e-04]
[2026-03-18T07:40:21Z] epoch 1/30:  20%|██        | 409/2000 [00:18<01:13, 21.69it/s, drift=6.086e-02, loss=5.331e-04]
[2026-03-18T07:40:21Z] epoch 1/30:  20%|██        | 409/2000 [00:19<01:13, 21.69it/s, drift=6.285e-02, loss=5.704e-04]
[2026-03-18T07:40:21Z] epoch 1/30:  21%|██        | 412/2000 [00:19<01:12, 21.89it/s, drift=6.285e-02, loss=5.704e-04]
[2026-03-18T07:40:21Z] epoch 1/30:  21%|██        | 412/2000 [00:19<01:12, 21.89it/s, drift=6.409e-02, loss=5.888e-04]
[2026-03-18T07:40:22Z] epoch 1/30:  21%|██        | 412/2000 [00:19<01:12, 21.89it/s, drift=4.359e-02, loss=2.741e-04]
[2026-03-18T07:40:22Z] epoch 1/30:  21%|██        | 412/2000 [00:19<01:12, 21.89it/s, drift=6.910e-02, loss=6.846e-04]
[2026-03-18T07:40:22Z] epoch 1/30:  21%|██        | 415/2000 [00:19<01:11, 22.05it/s, drift=6.910e-02, loss=6.846e-04]
[2026-03-18T07:40:22Z] epoch 1/30:  21%|██        | 415/2000 [00:19<01:11, 22.05it/s, drift=4.871e-02, loss=3.433e-04]
[2026-03-18T07:40:22Z] epoch 1/30:  21%|██        | 415/2000 [00:19<01:11, 22.05it/s, drift=9.943e-02, loss=1.417e-03]
[2026-03-18T07:40:22Z] epoch 1/30:  21%|██        | 415/2000 [00:19<01:11, 22.05it/s, drift=4.310e-02, loss=2.667e-04]
[2026-03-18T07:40:22Z] epoch 1/30:  21%|██        | 418/2000 [00:19<01:11, 22.25it/s, drift=4.310e-02, loss=2.667e-04]
[2026-03-18T07:40:22Z] epoch 1/30:  21%|██        | 418/2000 [00:19<01:11, 22.25it/s, drift=7.590e-02, loss=8.257e-04]
[2026-03-18T07:40:22Z] epoch 1/30:  21%|██        | 418/2000 [00:19<01:11, 22.25it/s, drift=9.151e-02, loss=1.200e-03]
[2026-03-18T07:40:22Z] epoch 1/30:  21%|██        | 418/2000 [00:19<01:11, 22.25it/s, drift=6.379e-02, loss=5.847e-04]
[2026-03-18T07:40:22Z] epoch 1/30:  21%|██        | 421/2000 [00:19<01:10, 22.41it/s, drift=6.379e-02, loss=5.847e-04]
[2026-03-18T07:40:22Z] epoch 1/30:  21%|██        | 421/2000 [00:19<01:10, 22.41it/s, drift=6.123e-02, loss=5.398e-04]
[2026-03-18T07:40:22Z] epoch 1/30:  21%|██        | 421/2000 [00:19<01:10, 22.41it/s, drift=5.235e-02, loss=3.950e-04]
[2026-03-18T07:40:22Z] epoch 1/30:  21%|██        | 421/2000 [00:19<01:10, 22.41it/s, drift=7.593e-02, loss=8.278e-04]
[2026-03-18T07:40:22Z] epoch 1/30:  21%|██        | 424/2000 [00:19<01:10, 22.40it/s, drift=7.593e-02, loss=8.278e-04]
[2026-03-18T07:40:22Z] epoch 1/30:  21%|██        | 424/2000 [00:19<01:10, 22.40it/s, drift=5.469e-02, loss=4.288e-04]
[2026-03-18T07:40:22Z] epoch 1/30:  21%|██        | 424/2000 [00:19<01:10, 22.40it/s, drift=9.511e-02, loss=1.294e-03]
[2026-03-18T07:40:22Z] epoch 1/30:  21%|██        | 424/2000 [00:19<01:10, 22.40it/s, drift=6.389e-02, loss=5.858e-04]
[2026-03-18T07:40:22Z] epoch 1/30:  21%|██▏       | 427/2000 [00:19<01:10, 22.40it/s, drift=6.389e-02, loss=5.858e-04]
[2026-03-18T07:40:22Z] epoch 1/30:  21%|██▏       | 427/2000 [00:19<01:10, 22.40it/s, drift=6.072e-02, loss=5.307e-04]
[2026-03-18T07:40:22Z] epoch 1/30:  21%|██▏       | 427/2000 [00:19<01:10, 22.40it/s, drift=5.394e-02, loss=4.209e-04]
[2026-03-18T07:40:22Z] epoch 1/30:  21%|██▏       | 427/2000 [00:19<01:10, 22.40it/s, drift=7.174e-02, loss=7.392e-04]
[2026-03-18T07:40:22Z] epoch 1/30:  22%|██▏       | 430/2000 [00:19<01:10, 22.42it/s, drift=7.174e-02, loss=7.392e-04]
[2026-03-18T07:40:22Z] epoch 1/30:  22%|██▏       | 430/2000 [00:19<01:10, 22.42it/s, drift=4.475e-02, loss=2.907e-04]
[2026-03-18T07:40:22Z] epoch 1/30:  22%|██▏       | 430/2000 [00:19<01:10, 22.42it/s, drift=5.842e-02, loss=4.899e-04]
[2026-03-18T07:40:22Z] epoch 1/30:  22%|██▏       | 430/2000 [00:19<01:10, 22.42it/s, drift=3.710e-02, loss=1.994e-04]
[2026-03-18T07:40:22Z] epoch 1/30:  22%|██▏       | 433/2000 [00:19<01:09, 22.50it/s, drift=3.710e-02, loss=1.994e-04]
[2026-03-18T07:40:22Z] epoch 1/30:  22%|██▏       | 433/2000 [00:19<01:09, 22.50it/s, drift=7.653e-02, loss=8.414e-04]
[2026-03-18T07:40:22Z] epoch 1/30:  22%|██▏       | 433/2000 [00:20<01:09, 22.50it/s, drift=6.199e-02, loss=5.527e-04]
[2026-03-18T07:40:22Z] epoch 1/30:  22%|██▏       | 433/2000 [00:20<01:09, 22.50it/s, drift=7.994e-02, loss=9.140e-04]
[2026-03-18T07:40:22Z] epoch 1/30:  22%|██▏       | 436/2000 [00:20<01:09, 22.59it/s, drift=7.994e-02, loss=9.140e-04]
[2026-03-18T07:40:23Z] epoch 1/30:  22%|██▏       | 436/2000 [00:20<01:09, 22.59it/s, drift=1.195e-01, loss=2.041e-03]
[2026-03-18T07:40:23Z] epoch 1/30:  22%|██▏       | 436/2000 [00:20<01:09, 22.59it/s, drift=7.787e-02, loss=8.698e-04]
[2026-03-18T07:40:23Z] epoch 1/30:  22%|██▏       | 436/2000 [00:20<01:09, 22.59it/s, drift=4.308e-02, loss=2.681e-04]
[2026-03-18T07:40:23Z] epoch 1/30:  22%|██▏       | 439/2000 [00:20<01:09, 22.61it/s, drift=4.308e-02, loss=2.681e-04]
[2026-03-18T07:40:23Z] epoch 1/30:  22%|██▏       | 439/2000 [00:20<01:09, 22.61it/s, drift=6.074e-02, loss=5.296e-04]
[2026-03-18T07:40:23Z] epoch 1/30:  22%|██▏       | 439/2000 [00:20<01:09, 22.61it/s, drift=6.485e-02, loss=6.053e-04]
[2026-03-18T07:40:23Z] epoch 1/30:  22%|██▏       | 439/2000 [00:20<01:09, 22.61it/s, drift=6.807e-02, loss=6.645e-04]
[2026-03-18T07:40:23Z] epoch 1/30:  22%|██▏       | 442/2000 [00:20<01:08, 22.64it/s, drift=6.807e-02, loss=6.645e-04]
[2026-03-18T07:40:23Z] epoch 1/30:  22%|██▏       | 442/2000 [00:20<01:08, 22.64it/s, drift=6.731e-02, loss=6.507e-04]
[2026-03-18T07:40:23Z] epoch 1/30:  22%|██▏       | 442/2000 [00:20<01:08, 22.64it/s, drift=5.703e-02, loss=4.665e-04]
[2026-03-18T07:40:23Z] epoch 1/30:  22%|██▏       | 442/2000 [00:20<01:08, 22.64it/s, drift=7.886e-02, loss=8.908e-04]
[2026-03-18T07:40:23Z] epoch 1/30:  22%|██▏       | 445/2000 [00:20<01:09, 22.51it/s, drift=7.886e-02, loss=8.908e-04]
[2026-03-18T07:40:23Z] epoch 1/30:  22%|██▏       | 445/2000 [00:20<01:09, 22.51it/s, drift=4.993e-02, loss=3.578e-04]
[2026-03-18T07:40:23Z] epoch 1/30:  22%|██▏       | 445/2000 [00:20<01:09, 22.51it/s, drift=6.591e-02, loss=6.224e-04]
[2026-03-18T07:40:23Z] epoch 1/30:  22%|██▏       | 445/2000 [00:20<01:09, 22.51it/s, drift=4.890e-02, loss=3.444e-04]
[2026-03-18T07:40:23Z] epoch 1/30:  22%|██▏       | 448/2000 [00:20<01:08, 22.59it/s, drift=4.890e-02, loss=3.444e-04]
[2026-03-18T07:40:23Z] epoch 1/30:  22%|██▏       | 448/2000 [00:20<01:08, 22.59it/s, drift=8.936e-02, loss=1.144e-03]
[2026-03-18T07:40:23Z] epoch 1/30:  22%|██▏       | 448/2000 [00:20<01:08, 22.59it/s, drift=4.940e-02, loss=3.514e-04]
[2026-03-18T07:40:23Z] epoch 1/30:  22%|██▏       | 448/2000 [00:20<01:08, 22.59it/s, drift=6.259e-02, loss=5.609e-04]
[2026-03-18T07:40:23Z] epoch 1/30:  23%|██▎       | 451/2000 [00:20<01:08, 22.45it/s, drift=6.259e-02, loss=5.609e-04]
[2026-03-18T07:40:23Z] epoch 1/30:  23%|██▎       | 451/2000 [00:20<01:08, 22.45it/s, drift=6.191e-02, loss=5.499e-04]
[2026-03-18T07:40:23Z] epoch 1/30:  23%|██▎       | 451/2000 [00:20<01:08, 22.45it/s, drift=5.165e-02, loss=3.836e-04]
[2026-03-18T07:40:23Z] epoch 1/30:  23%|██▎       | 451/2000 [00:20<01:08, 22.45it/s, drift=6.970e-02, loss=7.000e-04]
[2026-03-18T07:40:23Z] epoch 1/30:  23%|██▎       | 454/2000 [00:20<01:08, 22.42it/s, drift=6.970e-02, loss=7.000e-04]
[2026-03-18T07:40:23Z] epoch 1/30:  23%|██▎       | 454/2000 [00:20<01:08, 22.42it/s, drift=6.225e-02, loss=5.590e-04]
[2026-03-18T07:40:23Z] epoch 1/30:  23%|██▎       | 454/2000 [00:20<01:08, 22.42it/s, drift=1.998e-02, loss=6.084e-05]
[2026-03-18T07:40:23Z] epoch 1/30:  23%|██▎       | 454/2000 [00:21<01:08, 22.42it/s, drift=3.688e-02, loss=1.987e-04]
[2026-03-18T07:40:23Z] epoch 1/30:  23%|██▎       | 457/2000 [00:21<01:08, 22.44it/s, drift=3.688e-02, loss=1.987e-04]
[2026-03-18T07:40:23Z] epoch 1/30:  23%|██▎       | 457/2000 [00:21<01:08, 22.44it/s, drift=7.657e-02, loss=8.401e-04]
[2026-03-18T07:40:24Z] epoch 1/30:  23%|██▎       | 457/2000 [00:21<01:08, 22.44it/s, drift=6.197e-02, loss=5.508e-04]
[2026-03-18T07:40:24Z] epoch 1/30:  23%|██▎       | 457/2000 [00:21<01:08, 22.44it/s, drift=7.926e-02, loss=9.017e-04]
[2026-03-18T07:40:24Z] epoch 1/30:  23%|██▎       | 460/2000 [00:21<01:11, 21.39it/s, drift=7.926e-02, loss=9.017e-04]
[2026-03-18T07:40:24Z] epoch 1/30:  23%|██▎       | 460/2000 [00:21<01:11, 21.39it/s, drift=6.416e-02, loss=5.948e-04]
[2026-03-18T07:40:24Z] epoch 1/30:  23%|██▎       | 460/2000 [00:21<01:11, 21.39it/s, drift=3.658e-02, loss=1.969e-04]
[2026-03-18T07:40:24Z] epoch 1/30:  23%|██▎       | 460/2000 [00:21<01:11, 21.39it/s, drift=5.171e-02, loss=3.844e-04]
[2026-03-18T07:40:24Z] epoch 1/30:  23%|██▎       | 463/2000 [00:21<01:11, 21.63it/s, drift=5.171e-02, loss=3.844e-04]
[2026-03-18T07:40:24Z] epoch 1/30:  23%|██▎       | 463/2000 [00:21<01:11, 21.63it/s, drift=9.430e-02, loss=1.273e-03]
[2026-03-18T07:40:24Z] epoch 1/30:  23%|██▎       | 463/2000 [00:21<01:11, 21.63it/s, drift=4.930e-02, loss=3.522e-04]
[2026-03-18T07:40:24Z] epoch 1/30:  23%|██▎       | 463/2000 [00:21<01:11, 21.63it/s, drift=6.682e-02, loss=6.400e-04]
[2026-03-18T07:40:24Z] epoch 1/30:  23%|██▎       | 466/2000 [00:21<01:14, 20.70it/s, drift=6.682e-02, loss=6.400e-04]
[2026-03-18T07:40:24Z] epoch 1/30:  23%|██▎       | 466/2000 [00:21<01:14, 20.70it/s, drift=5.700e-02, loss=4.675e-04]
[2026-03-18T07:40:24Z] epoch 1/30:  23%|██▎       | 466/2000 [00:21<01:14, 20.70it/s, drift=7.697e-02, loss=8.505e-04]
[2026-03-18T07:40:24Z] epoch 1/30:  23%|██▎       | 466/2000 [00:21<01:14, 20.70it/s, drift=5.645e-02, loss=4.598e-04]
[2026-03-18T07:40:24Z] epoch 1/30:  23%|██▎       | 469/2000 [00:21<01:15, 20.19it/s, drift=5.645e-02, loss=4.598e-04]
[2026-03-18T07:40:24Z] epoch 1/30:  23%|██▎       | 469/2000 [00:21<01:15, 20.19it/s, drift=6.806e-02, loss=6.652e-04]
[2026-03-18T07:40:24Z] epoch 1/30:  23%|██▎       | 469/2000 [00:21<01:15, 20.19it/s, drift=8.581e-02, loss=1.055e-03]
[2026-03-18T07:40:24Z] epoch 1/30:  23%|██▎       | 469/2000 [00:21<01:15, 20.19it/s, drift=6.143e-02, loss=5.413e-04]
[2026-03-18T07:40:24Z] epoch 1/30:  24%|██▎       | 472/2000 [00:21<01:16, 19.90it/s, drift=6.143e-02, loss=5.413e-04]
[2026-03-18T07:40:24Z] epoch 1/30:  24%|██▎       | 472/2000 [00:21<01:16, 19.90it/s, drift=4.761e-02, loss=3.281e-04]
[2026-03-18T07:40:24Z] epoch 1/30:  24%|██▎       | 472/2000 [00:21<01:16, 19.90it/s, drift=5.002e-02, loss=3.640e-04]
[2026-03-18T07:40:24Z] epoch 1/30:  24%|██▎       | 474/2000 [00:21<01:17, 19.74it/s, drift=5.002e-02, loss=3.640e-04]
[2026-03-18T07:40:24Z] epoch 1/30:  24%|██▎       | 474/2000 [00:21<01:17, 19.74it/s, drift=5.195e-02, loss=3.885e-04]
[2026-03-18T07:40:24Z] epoch 1/30:  24%|██▎       | 474/2000 [00:21<01:17, 19.74it/s, drift=4.272e-02, loss=2.626e-04]
[2026-03-18T07:40:24Z] epoch 1/30:  24%|██▎       | 474/2000 [00:22<01:17, 19.74it/s, drift=4.549e-02, loss=3.001e-04]
[2026-03-18T07:40:24Z] epoch 1/30:  24%|██▍       | 477/2000 [00:22<01:13, 20.62it/s, drift=4.549e-02, loss=3.001e-04]
[2026-03-18T07:40:24Z] epoch 1/30:  24%|██▍       | 477/2000 [00:22<01:13, 20.62it/s, drift=5.064e-02, loss=3.676e-04]
[2026-03-18T07:40:25Z] epoch 1/30:  24%|██▍       | 477/2000 [00:22<01:13, 20.62it/s, drift=6.729e-02, loss=6.508e-04]
[2026-03-18T07:40:25Z] epoch 1/30:  24%|██▍       | 477/2000 [00:22<01:13, 20.62it/s, drift=7.311e-02, loss=7.670e-04]
[2026-03-18T07:40:25Z] epoch 1/30:  24%|██▍       | 480/2000 [00:22<01:14, 20.32it/s, drift=7.311e-02, loss=7.670e-04]
[2026-03-18T07:40:25Z] epoch 1/30:  24%|██▍       | 480/2000 [00:22<01:14, 20.32it/s, drift=4.534e-02, loss=2.974e-04]
[2026-03-18T07:40:25Z] epoch 1/30:  24%|██▍       | 480/2000 [00:22<01:14, 20.32it/s, drift=3.186e-02, loss=1.486e-04]
[2026-03-18T07:40:25Z] epoch 1/30:  24%|██▍       | 480/2000 [00:22<01:14, 20.32it/s, drift=5.242e-02, loss=3.932e-04]
[2026-03-18T07:40:25Z] epoch 1/30:  24%|██▍       | 483/2000 [00:22<01:12, 21.02it/s, drift=5.242e-02, loss=3.932e-04]
[2026-03-18T07:40:25Z] epoch 1/30:  24%|██▍       | 483/2000 [00:22<01:12, 21.02it/s, drift=4.720e-02, loss=3.192e-04]
[2026-03-18T07:40:25Z] epoch 1/30:  24%|██▍       | 483/2000 [00:22<01:12, 21.02it/s, drift=8.943e-02, loss=1.144e-03]
[2026-03-18T07:40:25Z] epoch 1/30:  24%|██▍       | 483/2000 [00:22<01:12, 21.02it/s, drift=6.221e-02, loss=5.595e-04]
[2026-03-18T07:40:25Z] epoch 1/30:  24%|██▍       | 486/2000 [00:22<01:13, 20.58it/s, drift=6.221e-02, loss=5.595e-04]
[2026-03-18T07:40:25Z] epoch 1/30:  24%|██▍       | 486/2000 [00:22<01:13, 20.58it/s, drift=7.017e-02, loss=7.097e-04]
[2026-03-18T07:40:25Z] epoch 1/30:  24%|██▍       | 486/2000 [00:22<01:13, 20.58it/s, drift=9.415e-02, loss=1.269e-03]
[2026-03-18T07:40:25Z] epoch 1/30:  24%|██▍       | 486/2000 [00:22<01:13, 20.58it/s, drift=5.878e-02, loss=4.979e-04]
[2026-03-18T07:40:25Z] epoch 1/30:  24%|██▍       | 489/2000 [00:22<01:11, 21.05it/s, drift=5.878e-02, loss=4.979e-04]
[2026-03-18T07:40:25Z] epoch 1/30:  24%|██▍       | 489/2000 [00:22<01:11, 21.05it/s, drift=4.935e-02, loss=3.500e-04]
[2026-03-18T07:40:25Z] epoch 1/30:  24%|██▍       | 489/2000 [00:22<01:11, 21.05it/s, drift=8.005e-02, loss=9.203e-04]
[2026-03-18T07:40:25Z] epoch 1/30:  24%|██▍       | 489/2000 [00:22<01:11, 21.05it/s, drift=5.538e-02, loss=4.394e-04]
[2026-03-18T07:40:25Z] epoch 1/30:  25%|██▍       | 492/2000 [00:22<01:11, 21.04it/s, drift=5.538e-02, loss=4.394e-04]
[2026-03-18T07:40:25Z] epoch 1/30:  25%|██▍       | 492/2000 [00:22<01:11, 21.04it/s, drift=4.898e-02, loss=3.446e-04]
[2026-03-18T07:40:25Z] epoch 1/30:  25%|██▍       | 492/2000 [00:22<01:11, 21.04it/s, drift=5.608e-02, loss=4.533e-04]
[2026-03-18T07:40:25Z] epoch 1/30:  25%|██▍       | 492/2000 [00:22<01:11, 21.04it/s, drift=4.052e-02, loss=2.398e-04]
[2026-03-18T07:40:25Z] epoch 1/30:  25%|██▍       | 495/2000 [00:22<01:13, 20.44it/s, drift=4.052e-02, loss=2.398e-04]
[2026-03-18T07:40:25Z] epoch 1/30:  25%|██▍       | 495/2000 [00:22<01:13, 20.44it/s, drift=8.710e-02, loss=1.085e-03]
[2026-03-18T07:40:25Z] epoch 1/30:  25%|██▍       | 495/2000 [00:22<01:13, 20.44it/s, drift=7.106e-02, loss=7.258e-04]
[2026-03-18T07:40:25Z] epoch 1/30:  25%|██▍       | 495/2000 [00:23<01:13, 20.44it/s, drift=7.252e-02, loss=7.550e-04]
[2026-03-18T07:40:25Z] epoch 1/30:  25%|██▍       | 498/2000 [00:23<01:11, 20.87it/s, drift=7.252e-02, loss=7.550e-04]
[2026-03-18T07:40:25Z] epoch 1/30:  25%|██▍       | 498/2000 [00:23<01:11, 20.87it/s, drift=8.485e-02, loss=1.031e-03]
[2026-03-18T07:40:26Z] epoch 1/30:  25%|██▍       | 498/2000 [00:23<01:11, 20.87it/s, drift=5.938e-02, loss=5.060e-04]
[2026-03-18T07:40:26Z] epoch 1/30:  25%|██▍       | 498/2000 [00:23<01:11, 20.87it/s, drift=8.140e-02, loss=9.490e-04]
[2026-03-18T07:40:26Z] epoch 1/30:  25%|██▌       | 501/2000 [00:23<01:12, 20.69it/s, drift=8.140e-02, loss=9.490e-04]
[2026-03-18T07:40:26Z] epoch 1/30:  25%|██▌       | 501/2000 [00:23<01:12, 20.69it/s, drift=1.023e-01, loss=1.502e-03]
[2026-03-18T07:40:26Z] epoch 1/30:  25%|██▌       | 501/2000 [00:23<01:12, 20.69it/s, drift=7.455e-02, loss=7.967e-04]
[2026-03-18T07:40:26Z] epoch 1/30:  25%|██▌       | 501/2000 [00:23<01:12, 20.69it/s, drift=6.909e-02, loss=6.836e-04]
[2026-03-18T07:40:26Z] epoch 1/30:  25%|██▌       | 504/2000 [00:23<01:10, 21.07it/s, drift=6.909e-02, loss=6.836e-04]
[2026-03-18T07:40:26Z] epoch 1/30:  25%|██▌       | 504/2000 [00:23<01:10, 21.07it/s, drift=1.070e-01, loss=1.637e-03]
[2026-03-18T07:40:26Z] epoch 1/30:  25%|██▌       | 504/2000 [00:23<01:10, 21.07it/s, drift=7.530e-02, loss=8.121e-04]
[2026-03-18T07:40:26Z] epoch 1/30:  25%|██▌       | 504/2000 [00:23<01:10, 21.07it/s, drift=1.040e-01, loss=1.551e-03]
[2026-03-18T07:40:26Z] epoch 1/30:  25%|██▌       | 507/2000 [00:23<01:10, 21.26it/s, drift=1.040e-01, loss=1.551e-03]
[2026-03-18T07:40:26Z] epoch 1/30:  25%|██▌       | 507/2000 [00:23<01:10, 21.26it/s, drift=7.351e-02, loss=7.771e-04]
[2026-03-18T07:40:26Z] epoch 1/30:  25%|██▌       | 507/2000 [00:23<01:10, 21.26it/s, drift=5.508e-02, loss=4.400e-04]
[2026-03-18T07:40:26Z] epoch 1/30:  25%|██▌       | 507/2000 [00:23<01:10, 21.26it/s, drift=8.158e-02, loss=9.520e-04]
[2026-03-18T07:40:26Z] epoch 1/30:  26%|██▌       | 510/2000 [00:23<01:09, 21.48it/s, drift=8.158e-02, loss=9.520e-04]
[2026-03-18T07:40:26Z] epoch 1/30:  26%|██▌       | 510/2000 [00:23<01:09, 21.48it/s, drift=1.090e-01, loss=1.700e-03]
[2026-03-18T07:40:26Z] epoch 1/30:  26%|██▌       | 510/2000 [00:23<01:09, 21.48it/s, drift=6.716e-02, loss=6.460e-04]
[2026-03-18T07:40:26Z] epoch 1/30:  26%|██▌       | 510/2000 [00:23<01:09, 21.48it/s, drift=6.923e-02, loss=6.870e-04]
[2026-03-18T07:40:26Z] epoch 1/30:  26%|██▌       | 513/2000 [00:23<01:08, 21.63it/s, drift=6.923e-02, loss=6.870e-04]
[2026-03-18T07:40:26Z] epoch 1/30:  26%|██▌       | 513/2000 [00:23<01:08, 21.63it/s, drift=9.439e-02, loss=1.278e-03]
[2026-03-18T07:40:26Z] epoch 1/30:  26%|██▌       | 513/2000 [00:23<01:08, 21.63it/s, drift=5.321e-02, loss=4.077e-04]
[2026-03-18T07:40:26Z] epoch 1/30:  26%|██▌       | 513/2000 [00:23<01:08, 21.63it/s, drift=5.964e-02, loss=5.147e-04]
[2026-03-18T07:40:26Z] epoch 1/30:  26%|██▌       | 516/2000 [00:23<01:08, 21.74it/s, drift=5.964e-02, loss=5.147e-04]
[2026-03-18T07:40:26Z] epoch 1/30:  26%|██▌       | 516/2000 [00:23<01:08, 21.74it/s, drift=7.143e-02, loss=7.304e-04]
[2026-03-18T07:40:26Z] epoch 1/30:  26%|██▌       | 516/2000 [00:23<01:08, 21.74it/s, drift=5.269e-02, loss=3.995e-04]
[2026-03-18T07:40:26Z] epoch 1/30:  26%|██▌       | 516/2000 [00:23<01:08, 21.74it/s, drift=6.075e-02, loss=5.322e-04]
[2026-03-18T07:40:26Z] epoch 1/30:  26%|██▌       | 519/2000 [00:23<01:07, 21.82it/s, drift=6.075e-02, loss=5.322e-04]
[2026-03-18T07:40:26Z] epoch 1/30:  26%|██▌       | 519/2000 [00:24<01:07, 21.82it/s, drift=6.168e-02, loss=5.459e-04]
[2026-03-18T07:40:26Z] epoch 1/30:  26%|██▌       | 519/2000 [00:24<01:07, 21.82it/s, drift=4.622e-02, loss=3.076e-04]
[2026-03-18T07:40:26Z] epoch 1/30:  26%|██▌       | 519/2000 [00:24<01:07, 21.82it/s, drift=6.993e-02, loss=6.996e-04]
[2026-03-18T07:40:27Z] epoch 1/30:  26%|██▌       | 522/2000 [00:24<01:07, 21.84it/s, drift=6.993e-02, loss=6.996e-04]
[2026-03-18T07:40:27Z] epoch 1/30:  26%|██▌       | 522/2000 [00:24<01:07, 21.84it/s, drift=6.473e-02, loss=6.014e-04]
[2026-03-18T07:40:27Z] epoch 1/30:  26%|██▌       | 522/2000 [00:24<01:07, 21.84it/s, drift=7.845e-02, loss=8.858e-04]
[2026-03-18T07:40:27Z] epoch 1/30:  26%|██▌       | 522/2000 [00:24<01:07, 21.84it/s, drift=7.791e-02, loss=8.703e-04]
[2026-03-18T07:40:27Z] epoch 1/30:  26%|██▋       | 525/2000 [00:24<01:07, 21.72it/s, drift=7.791e-02, loss=8.703e-04]
[2026-03-18T07:40:27Z] epoch 1/30:  26%|██▋       | 525/2000 [00:24<01:07, 21.72it/s, drift=9.712e-02, loss=1.350e-03]
[2026-03-18T07:40:27Z] epoch 1/30:  26%|██▋       | 525/2000 [00:24<01:07, 21.72it/s, drift=6.543e-02, loss=6.131e-04]
[2026-03-18T07:40:27Z] epoch 1/30:  26%|██▋       | 525/2000 [00:24<01:07, 21.72it/s, drift=9.130e-02, loss=1.195e-03]
[2026-03-18T07:40:27Z] epoch 1/30:  26%|██▋       | 528/2000 [00:24<01:08, 21.62it/s, drift=9.130e-02, loss=1.195e-03]
[2026-03-18T07:40:27Z] epoch 1/30:  26%|██▋       | 528/2000 [00:24<01:08, 21.62it/s, drift=6.172e-02, loss=5.486e-04]
[2026-03-18T07:40:27Z] epoch 1/30:  26%|██▋       | 528/2000 [00:24<01:08, 21.62it/s, drift=7.380e-02, loss=7.824e-04]
[2026-03-18T07:40:27Z] epoch 1/30:  26%|██▋       | 528/2000 [00:24<01:08, 21.62it/s, drift=4.169e-02, loss=2.495e-04]
[2026-03-18T07:40:27Z] epoch 1/30:  27%|██▋       | 531/2000 [00:24<01:08, 21.54it/s, drift=4.169e-02, loss=2.495e-04]
[2026-03-18T07:40:27Z] epoch 1/30:  27%|██▋       | 531/2000 [00:24<01:08, 21.54it/s, drift=6.903e-02, loss=6.858e-04]
[2026-03-18T07:40:27Z] epoch 1/30:  27%|██▋       | 531/2000 [00:24<01:08, 21.54it/s, drift=6.807e-02, loss=6.642e-04]
[2026-03-18T07:40:27Z] epoch 1/30:  27%|██▋       | 531/2000 [00:24<01:08, 21.54it/s, drift=3.420e-02, loss=1.696e-04]
[2026-03-18T07:40:27Z] epoch 1/30:  27%|██▋       | 534/2000 [00:24<01:08, 21.52it/s, drift=3.420e-02, loss=1.696e-04]
[2026-03-18T07:40:27Z] epoch 1/30:  27%|██▋       | 534/2000 [00:24<01:08, 21.52it/s, drift=6.547e-02, loss=6.173e-04]
[2026-03-18T07:40:27Z] epoch 1/30:  27%|██▋       | 534/2000 [00:24<01:08, 21.52it/s, drift=7.745e-02, loss=8.604e-04]
[2026-03-18T07:40:27Z] epoch 1/30:  27%|██▋       | 534/2000 [00:24<01:08, 21.52it/s, drift=5.899e-02, loss=5.014e-04]
[2026-03-18T07:40:27Z] epoch 1/30:  27%|██▋       | 537/2000 [00:24<01:07, 21.62it/s, drift=5.899e-02, loss=5.014e-04]
[2026-03-18T07:40:27Z] epoch 1/30:  27%|██▋       | 537/2000 [00:24<01:07, 21.62it/s, drift=3.366e-02, loss=1.664e-04]
[2026-03-18T07:40:27Z] epoch 1/30:  27%|██▋       | 537/2000 [00:24<01:07, 21.62it/s, drift=5.745e-02, loss=4.781e-04]
[2026-03-18T07:40:27Z] epoch 1/30:  27%|██▋       | 537/2000 [00:24<01:07, 21.62it/s, drift=6.744e-02, loss=6.521e-04]
[2026-03-18T07:40:27Z] epoch 1/30:  27%|██▋       | 540/2000 [00:24<01:07, 21.63it/s, drift=6.744e-02, loss=6.521e-04]
[2026-03-18T07:40:27Z] epoch 1/30:  27%|██▋       | 540/2000 [00:25<01:07, 21.63it/s, drift=4.666e-02, loss=3.142e-04]
[2026-03-18T07:40:27Z] epoch 1/30:  27%|██▋       | 540/2000 [00:25<01:07, 21.63it/s, drift=6.093e-02, loss=5.342e-04]
[2026-03-18T07:40:27Z] epoch 1/30:  27%|██▋       | 540/2000 [00:25<01:07, 21.63it/s, drift=3.847e-02, loss=2.139e-04]
[2026-03-18T07:40:28Z] epoch 1/30:  27%|██▋       | 543/2000 [00:25<01:07, 21.65it/s, drift=3.847e-02, loss=2.139e-04]
[2026-03-18T07:40:28Z] epoch 1/30:  27%|██▋       | 543/2000 [00:25<01:07, 21.65it/s, drift=8.449e-02, loss=1.022e-03]
[2026-03-18T07:40:28Z] epoch 1/30:  27%|██▋       | 543/2000 [00:25<01:07, 21.65it/s, drift=5.238e-02, loss=3.965e-04]
[2026-03-18T07:40:28Z] epoch 1/30:  27%|██▋       | 543/2000 [00:25<01:07, 21.65it/s, drift=6.368e-02, loss=5.855e-04]
[2026-03-18T07:40:28Z] epoch 1/30:  27%|██▋       | 546/2000 [00:25<01:06, 21.76it/s, drift=6.368e-02, loss=5.855e-04]
[2026-03-18T07:40:28Z] epoch 1/30:  27%|██▋       | 546/2000 [00:25<01:06, 21.76it/s, drift=6.763e-02, loss=6.557e-04]
[2026-03-18T07:40:28Z] epoch 1/30:  27%|██▋       | 546/2000 [00:25<01:06, 21.76it/s, drift=4.502e-02, loss=2.932e-04]
[2026-03-18T07:40:28Z] epoch 1/30:  27%|██▋       | 546/2000 [00:25<01:06, 21.76it/s, drift=6.352e-02, loss=5.816e-04]
[2026-03-18T07:40:28Z] epoch 1/30:  27%|██▋       | 549/2000 [00:25<01:06, 21.83it/s, drift=6.352e-02, loss=5.816e-04]
[2026-03-18T07:40:28Z] epoch 1/30:  27%|██▋       | 549/2000 [00:25<01:06, 21.83it/s, drift=5.609e-02, loss=4.527e-04]
[2026-03-18T07:40:28Z] epoch 1/30:  27%|██▋       | 549/2000 [00:25<01:06, 21.83it/s, drift=5.710e-02, loss=4.703e-04]
[2026-03-18T07:40:28Z] epoch 1/30:  27%|██▋       | 549/2000 [00:25<01:06, 21.83it/s, drift=7.906e-02, loss=9.027e-04]
[2026-03-18T07:40:28Z] epoch 1/30:  28%|██▊       | 552/2000 [00:25<01:06, 21.89it/s, drift=7.906e-02, loss=9.027e-04]
[2026-03-18T07:40:28Z] epoch 1/30:  28%|██▊       | 552/2000 [00:25<01:06, 21.89it/s, drift=1.062e-01, loss=1.612e-03]
[2026-03-18T07:40:28Z] epoch 1/30:  28%|██▊       | 552/2000 [00:25<01:06, 21.89it/s, drift=1.044e-01, loss=1.558e-03]
[2026-03-18T07:40:28Z] epoch 1/30:  28%|██▊       | 552/2000 [00:25<01:06, 21.89it/s, drift=8.864e-02, loss=1.125e-03]
[2026-03-18T07:40:28Z] epoch 1/30:  28%|██▊       | 555/2000 [00:25<01:05, 21.93it/s, drift=8.864e-02, loss=1.125e-03]
[2026-03-18T07:40:28Z] epoch 1/30:  28%|██▊       | 555/2000 [00:25<01:05, 21.93it/s, drift=9.238e-02, loss=1.225e-03]
[2026-03-18T07:40:28Z] epoch 1/30:  28%|██▊       | 555/2000 [00:25<01:05, 21.93it/s, drift=8.849e-02, loss=1.122e-03]
[2026-03-18T07:40:28Z] epoch 1/30:  28%|██▊       | 555/2000 [00:25<01:05, 21.93it/s, drift=6.611e-02, loss=6.318e-04]
[2026-03-18T07:40:28Z] epoch 1/30:  28%|██▊       | 558/2000 [00:25<01:05, 21.95it/s, drift=6.611e-02, loss=6.318e-04]
[2026-03-18T07:40:28Z] epoch 1/30:  28%|██▊       | 558/2000 [00:25<01:05, 21.95it/s, drift=8.508e-02, loss=1.036e-03]
[2026-03-18T07:40:28Z] epoch 1/30:  28%|██▊       | 558/2000 [00:25<01:05, 21.95it/s, drift=9.280e-02, loss=1.233e-03]
[2026-03-18T07:40:28Z] epoch 1/30:  28%|██▊       | 558/2000 [00:25<01:05, 21.95it/s, drift=5.130e-02, loss=3.798e-04]
[2026-03-18T07:40:28Z] epoch 1/30:  28%|██▊       | 561/2000 [00:25<01:05, 21.97it/s, drift=5.130e-02, loss=3.798e-04]
[2026-03-18T07:40:28Z] epoch 1/30:  28%|██▊       | 561/2000 [00:25<01:05, 21.97it/s, drift=6.033e-02, loss=5.247e-04]
[2026-03-18T07:40:28Z] epoch 1/30:  28%|██▊       | 561/2000 [00:26<01:05, 21.97it/s, drift=5.834e-02, loss=4.899e-04]
[2026-03-18T07:40:28Z] epoch 1/30:  28%|██▊       | 561/2000 [00:26<01:05, 21.97it/s, drift=6.325e-02, loss=5.732e-04]
[2026-03-18T07:40:28Z] epoch 1/30:  28%|██▊       | 564/2000 [00:26<01:05, 21.99it/s, drift=6.325e-02, loss=5.732e-04]
[2026-03-18T07:40:29Z] epoch 1/30:  28%|██▊       | 564/2000 [00:26<01:05, 21.99it/s, drift=4.827e-02, loss=3.388e-04]
[2026-03-18T07:40:29Z] epoch 1/30:  28%|██▊       | 564/2000 [00:26<01:05, 21.99it/s, drift=6.786e-02, loss=6.594e-04]
[2026-03-18T07:40:29Z] epoch 1/30:  28%|██▊       | 564/2000 [00:26<01:05, 21.99it/s, drift=7.527e-02, loss=8.130e-04]
[2026-03-18T07:40:29Z] epoch 1/30:  28%|██▊       | 567/2000 [00:26<01:05, 21.99it/s, drift=7.527e-02, loss=8.130e-04]
[2026-03-18T07:40:29Z] epoch 1/30:  28%|██▊       | 567/2000 [00:26<01:05, 21.99it/s, drift=8.128e-02, loss=9.462e-04]
[2026-03-18T07:40:29Z] epoch 1/30:  28%|██▊       | 567/2000 [00:26<01:05, 21.99it/s, drift=6.496e-02, loss=6.054e-04]
[2026-03-18T07:40:29Z] epoch 1/30:  28%|██▊       | 567/2000 [00:26<01:05, 21.99it/s, drift=5.362e-02, loss=4.164e-04]
[2026-03-18T07:40:29Z] epoch 1/30:  28%|██▊       | 570/2000 [00:26<01:04, 22.00it/s, drift=5.362e-02, loss=4.164e-04]
[2026-03-18T07:40:29Z] epoch 1/30:  28%|██▊       | 570/2000 [00:26<01:04, 22.00it/s, drift=4.737e-02, loss=3.251e-04]
[2026-03-18T07:40:29Z] epoch 1/30:  28%|██▊       | 570/2000 [00:26<01:04, 22.00it/s, drift=4.538e-02, loss=2.986e-04]
[2026-03-18T07:40:29Z] epoch 1/30:  28%|██▊       | 570/2000 [00:26<01:04, 22.00it/s, drift=5.560e-02, loss=4.432e-04]
[2026-03-18T07:40:29Z] epoch 1/30:  29%|██▊       | 573/2000 [00:26<01:04, 22.00it/s, drift=5.560e-02, loss=4.432e-04]
[2026-03-18T07:40:29Z] epoch 1/30:  29%|██▊       | 573/2000 [00:26<01:04, 22.00it/s, drift=5.904e-02, loss=5.000e-04]
[2026-03-18T07:40:29Z] epoch 1/30:  29%|██▊       | 573/2000 [00:26<01:04, 22.00it/s, drift=6.306e-02, loss=5.712e-04]
[2026-03-18T07:40:29Z] epoch 1/30:  29%|██▊       | 573/2000 [00:26<01:04, 22.00it/s, drift=5.251e-02, loss=4.023e-04]
[2026-03-18T07:40:29Z] epoch 1/30:  29%|██▉       | 576/2000 [00:26<01:04, 22.01it/s, drift=5.251e-02, loss=4.023e-04]
[2026-03-18T07:40:29Z] epoch 1/30:  29%|██▉       | 576/2000 [00:26<01:04, 22.01it/s, drift=5.356e-02, loss=4.130e-04]
[2026-03-18T07:40:29Z] epoch 1/30:  29%|██▉       | 576/2000 [00:26<01:04, 22.01it/s, drift=7.719e-02, loss=8.587e-04]
[2026-03-18T07:40:29Z] epoch 1/30:  29%|██▉       | 576/2000 [00:26<01:04, 22.01it/s, drift=7.901e-02, loss=8.954e-04]
[2026-03-18T07:40:29Z] epoch 1/30:  29%|██▉       | 579/2000 [00:26<01:04, 22.01it/s, drift=7.901e-02, loss=8.954e-04]
[2026-03-18T07:40:29Z] epoch 1/30:  29%|██▉       | 579/2000 [00:26<01:04, 22.01it/s, drift=5.429e-02, loss=4.234e-04]
[2026-03-18T07:40:29Z] epoch 1/30:  29%|██▉       | 579/2000 [00:26<01:04, 22.01it/s, drift=5.869e-02, loss=4.978e-04]
[2026-03-18T07:40:29Z] epoch 1/30:  29%|██▉       | 579/2000 [00:26<01:04, 22.01it/s, drift=5.925e-02, loss=5.028e-04]
[2026-03-18T07:40:29Z] epoch 1/30:  29%|██▉       | 582/2000 [00:26<01:04, 21.98it/s, drift=5.925e-02, loss=5.028e-04]
[2026-03-18T07:40:29Z] epoch 1/30:  29%|██▉       | 582/2000 [00:26<01:04, 21.98it/s, drift=7.971e-02, loss=9.092e-04]
[2026-03-18T07:40:29Z] epoch 1/30:  29%|██▉       | 582/2000 [00:26<01:04, 21.98it/s, drift=8.777e-02, loss=1.105e-03]
[2026-03-18T07:40:29Z] epoch 1/30:  29%|██▉       | 582/2000 [00:27<01:04, 21.98it/s, drift=8.672e-02, loss=1.078e-03]
[2026-03-18T07:40:29Z] epoch 1/30:  29%|██▉       | 585/2000 [00:27<01:04, 21.99it/s, drift=8.672e-02, loss=1.078e-03]
[2026-03-18T07:40:29Z] epoch 1/30:  29%|██▉       | 585/2000 [00:27<01:04, 21.99it/s, drift=7.186e-02, loss=7.408e-04]
[2026-03-18T07:40:30Z] epoch 1/30:  29%|██▉       | 585/2000 [00:27<01:04, 21.99it/s, drift=5.254e-02, loss=3.965e-04]
[2026-03-18T07:40:30Z] epoch 1/30:  29%|██▉       | 585/2000 [00:27<01:04, 21.99it/s, drift=8.566e-02, loss=1.054e-03]
[2026-03-18T07:40:30Z] epoch 1/30:  29%|██▉       | 588/2000 [00:27<01:04, 22.00it/s, drift=8.566e-02, loss=1.054e-03]
[2026-03-18T07:40:30Z] epoch 1/30:  29%|██▉       | 588/2000 [00:27<01:04, 22.00it/s, drift=6.228e-02, loss=5.556e-04]
[2026-03-18T07:40:30Z] epoch 1/30:  29%|██▉       | 588/2000 [00:27<01:04, 22.00it/s, drift=1.041e-01, loss=1.551e-03]
[2026-03-18T07:40:30Z] epoch 1/30:  29%|██▉       | 588/2000 [00:27<01:04, 22.00it/s, drift=5.456e-02, loss=4.265e-04]
[2026-03-18T07:40:30Z] epoch 1/30:  30%|██▉       | 591/2000 [00:27<01:04, 21.95it/s, drift=5.456e-02, loss=4.265e-04]
[2026-03-18T07:40:30Z] epoch 1/30:  30%|██▉       | 591/2000 [00:27<01:04, 21.95it/s, drift=5.370e-02, loss=4.155e-04]
[2026-03-18T07:40:30Z] epoch 1/30:  30%|██▉       | 591/2000 [00:27<01:04, 21.95it/s, drift=5.144e-02, loss=3.844e-04]
[2026-03-18T07:40:30Z] epoch 1/30:  30%|██▉       | 591/2000 [00:27<01:04, 21.95it/s, drift=5.286e-02, loss=4.067e-04]
[2026-03-18T07:40:30Z] epoch 1/30:  30%|██▉       | 594/2000 [00:27<01:04, 21.96it/s, drift=5.286e-02, loss=4.067e-04]
[2026-03-18T07:40:30Z] epoch 1/30:  30%|██▉       | 594/2000 [00:27<01:04, 21.96it/s, drift=5.492e-02, loss=4.332e-04]
[2026-03-18T07:40:30Z] epoch 1/30:  30%|██▉       | 594/2000 [00:27<01:04, 21.96it/s, drift=8.761e-02, loss=1.098e-03]
[2026-03-18T07:40:30Z] epoch 1/30:  30%|██▉       | 594/2000 [00:27<01:04, 21.96it/s, drift=6.263e-02, loss=5.626e-04]
[2026-03-18T07:40:30Z] epoch 1/30:  30%|██▉       | 597/2000 [00:27<01:03, 21.97it/s, drift=6.263e-02, loss=5.626e-04]
[2026-03-18T07:40:30Z] epoch 1/30:  30%|██▉       | 597/2000 [00:27<01:03, 21.97it/s, drift=6.198e-02, loss=5.544e-04]
[2026-03-18T07:40:30Z] epoch 1/30:  30%|██▉       | 597/2000 [00:27<01:03, 21.97it/s, drift=5.261e-02, loss=4.004e-04]
[2026-03-18T07:40:30Z] epoch 1/30:  30%|██▉       | 597/2000 [00:27<01:03, 21.97it/s, drift=1.007e-01, loss=1.455e-03]
[2026-03-18T07:40:30Z] epoch 1/30:  30%|███       | 600/2000 [00:27<01:03, 21.97it/s, drift=1.007e-01, loss=1.455e-03]
[2026-03-18T07:40:30Z] epoch 1/30:  30%|███       | 600/2000 [00:27<01:03, 21.97it/s, drift=9.997e-02, loss=1.430e-03]
[2026-03-18T07:40:30Z] epoch 1/30:  30%|███       | 600/2000 [00:27<01:03, 21.97it/s, drift=7.626e-02, loss=8.317e-04]
[2026-03-18T07:40:30Z] epoch 1/30:  30%|███       | 600/2000 [00:27<01:03, 21.97it/s, drift=5.301e-02, loss=4.034e-04]
[2026-03-18T07:40:30Z] epoch 1/30:  30%|███       | 603/2000 [00:27<01:03, 21.98it/s, drift=5.301e-02, loss=4.034e-04]
[2026-03-18T07:40:30Z] epoch 1/30:  30%|███       | 603/2000 [00:27<01:03, 21.98it/s, drift=1.265e-01, loss=2.288e-03]
[2026-03-18T07:40:30Z] epoch 1/30:  30%|███       | 603/2000 [00:27<01:03, 21.98it/s, drift=9.742e-02, loss=1.360e-03]
[2026-03-18T07:40:30Z] epoch 1/30:  30%|███       | 603/2000 [00:27<01:03, 21.98it/s, drift=8.263e-02, loss=9.785e-04]
[2026-03-18T07:40:30Z] epoch 1/30:  30%|███       | 606/2000 [00:27<01:03, 22.00it/s, drift=8.263e-02, loss=9.785e-04]
[2026-03-18T07:40:30Z] epoch 1/30:  30%|███       | 606/2000 [00:28<01:03, 22.00it/s, drift=8.462e-02, loss=1.025e-03]
[2026-03-18T07:40:30Z] epoch 1/30:  30%|███       | 606/2000 [00:28<01:03, 22.00it/s, drift=8.119e-02, loss=9.485e-04]
[2026-03-18T07:40:30Z] epoch 1/30:  30%|███       | 606/2000 [00:28<01:03, 22.00it/s, drift=8.662e-02, loss=1.075e-03]
[2026-03-18T07:40:31Z] epoch 1/30:  30%|███       | 609/2000 [00:28<01:03, 22.00it/s, drift=8.662e-02, loss=1.075e-03]
[2026-03-18T07:40:31Z] epoch 1/30:  30%|███       | 609/2000 [00:28<01:03, 22.00it/s, drift=5.642e-02, loss=4.556e-04]
[2026-03-18T07:40:31Z] epoch 1/30:  30%|███       | 609/2000 [00:28<01:03, 22.00it/s, drift=7.917e-02, loss=8.970e-04]
[2026-03-18T07:40:31Z] epoch 1/30:  30%|███       | 609/2000 [00:28<01:03, 22.00it/s, drift=8.816e-02, loss=1.116e-03]
[2026-03-18T07:40:31Z] epoch 1/30:  31%|███       | 612/2000 [00:28<01:03, 22.00it/s, drift=8.816e-02, loss=1.116e-03]
[2026-03-18T07:40:31Z] epoch 1/30:  31%|███       | 612/2000 [00:28<01:03, 22.00it/s, drift=7.981e-02, loss=9.150e-04]
[2026-03-18T07:40:31Z] epoch 1/30:  31%|███       | 612/2000 [00:28<01:03, 22.00it/s, drift=7.358e-02, loss=7.814e-04]
[2026-03-18T07:40:31Z] epoch 1/30:  31%|███       | 612/2000 [00:28<01:03, 22.00it/s, drift=6.080e-02, loss=5.305e-04]
[2026-03-18T07:40:31Z] epoch 1/30:  31%|███       | 615/2000 [00:28<01:02, 22.00it/s, drift=6.080e-02, loss=5.305e-04]
[2026-03-18T07:40:31Z] epoch 1/30:  31%|███       | 615/2000 [00:28<01:02, 22.00it/s, drift=7.841e-02, loss=8.804e-04]
[2026-03-18T07:40:31Z] epoch 1/30:  31%|███       | 615/2000 [00:28<01:02, 22.00it/s, drift=9.552e-02, loss=1.307e-03]
[2026-03-18T07:40:31Z] epoch 1/30:  31%|███       | 615/2000 [00:28<01:02, 22.00it/s, drift=8.394e-02, loss=1.008e-03]
[2026-03-18T07:40:31Z] epoch 1/30:  31%|███       | 618/2000 [00:28<01:02, 22.01it/s, drift=8.394e-02, loss=1.008e-03]
[2026-03-18T07:40:31Z] epoch 1/30:  31%|███       | 618/2000 [00:28<01:02, 22.01it/s, drift=6.807e-02, loss=6.658e-04]
[2026-03-18T07:40:31Z] epoch 1/30:  31%|███       | 618/2000 [00:28<01:02, 22.01it/s, drift=1.199e-01, loss=2.057e-03]
[2026-03-18T07:40:31Z] epoch 1/30:  31%|███       | 618/2000 [00:28<01:02, 22.01it/s, drift=8.052e-02, loss=9.275e-04]
[2026-03-18T07:40:31Z] epoch 1/30:  31%|███       | 621/2000 [00:28<01:02, 22.01it/s, drift=8.052e-02, loss=9.275e-04]
[2026-03-18T07:40:31Z] epoch 1/30:  31%|███       | 621/2000 [00:28<01:02, 22.01it/s, drift=9.205e-02, loss=1.214e-03]
[2026-03-18T07:40:31Z] epoch 1/30:  31%|███       | 621/2000 [00:28<01:02, 22.01it/s, drift=8.764e-02, loss=1.102e-03]
[2026-03-18T07:40:31Z] epoch 1/30:  31%|███       | 621/2000 [00:28<01:02, 22.01it/s, drift=9.070e-02, loss=1.179e-03]
[2026-03-18T07:40:31Z] epoch 1/30:  31%|███       | 624/2000 [00:28<01:02, 22.00it/s, drift=9.070e-02, loss=1.179e-03]
[2026-03-18T07:40:31Z] epoch 1/30:  31%|███       | 624/2000 [00:28<01:02, 22.00it/s, drift=8.401e-02, loss=1.009e-03]
[2026-03-18T07:40:31Z] epoch 1/30:  31%|███       | 624/2000 [00:28<01:02, 22.00it/s, drift=4.677e-02, loss=3.162e-04]
[2026-03-18T07:40:31Z] epoch 1/30:  31%|███       | 624/2000 [00:28<01:02, 22.00it/s, drift=6.846e-02, loss=6.746e-04]
[2026-03-18T07:40:31Z] epoch 1/30:  31%|███▏      | 627/2000 [00:28<01:02, 22.01it/s, drift=6.846e-02, loss=6.746e-04]
[2026-03-18T07:40:31Z] epoch 1/30:  31%|███▏      | 627/2000 [00:28<01:02, 22.01it/s, drift=5.486e-02, loss=4.341e-04]
[2026-03-18T07:40:31Z] epoch 1/30:  31%|███▏      | 627/2000 [00:29<01:02, 22.01it/s, drift=7.132e-02, loss=7.285e-04]
[2026-03-18T07:40:31Z] epoch 1/30:  31%|███▏      | 627/2000 [00:29<01:02, 22.01it/s, drift=8.499e-02, loss=1.036e-03]
[2026-03-18T07:40:31Z] epoch 1/30:  32%|███▏      | 630/2000 [00:29<01:02, 22.02it/s, drift=8.499e-02, loss=1.036e-03]
[2026-03-18T07:40:32Z] epoch 1/30:  32%|███▏      | 630/2000 [00:29<01:02, 22.02it/s, drift=7.398e-02, loss=7.835e-04]
[2026-03-18T07:40:32Z] epoch 1/30:  32%|███▏      | 630/2000 [00:29<01:02, 22.02it/s, drift=4.802e-02, loss=3.358e-04]
[2026-03-18T07:40:32Z] epoch 1/30:  32%|███▏      | 630/2000 [00:29<01:02, 22.02it/s, drift=6.954e-02, loss=6.990e-04]
[2026-03-18T07:40:32Z] epoch 1/30:  32%|███▏      | 633/2000 [00:29<01:02, 22.00it/s, drift=6.954e-02, loss=6.990e-04]
[2026-03-18T07:40:32Z] epoch 1/30:  32%|███▏      | 633/2000 [00:29<01:02, 22.00it/s, drift=4.244e-02, loss=2.623e-04]
[2026-03-18T07:40:32Z] epoch 1/30:  32%|███▏      | 633/2000 [00:29<01:02, 22.00it/s, drift=8.905e-02, loss=1.137e-03]
[2026-03-18T07:40:32Z] epoch 1/30:  32%|███▏      | 633/2000 [00:29<01:02, 22.00it/s, drift=5.960e-02, loss=5.117e-04]
[2026-03-18T07:40:32Z] epoch 1/30:  32%|███▏      | 636/2000 [00:29<01:02, 22.00it/s, drift=5.960e-02, loss=5.117e-04]
[2026-03-18T07:40:32Z] epoch 1/30:  32%|███▏      | 636/2000 [00:29<01:02, 22.00it/s, drift=7.826e-02, loss=8.784e-04]
[2026-03-18T07:40:32Z] epoch 1/30:  32%|███▏      | 636/2000 [00:29<01:02, 22.00it/s, drift=4.337e-02, loss=2.725e-04]
[2026-03-18T07:40:32Z] epoch 1/30:  32%|███▏      | 636/2000 [00:29<01:02, 22.00it/s, drift=6.710e-02, loss=6.514e-04]
[2026-03-18T07:40:32Z] epoch 1/30:  32%|███▏      | 639/2000 [00:29<01:01, 21.97it/s, drift=6.710e-02, loss=6.514e-04]
[2026-03-18T07:40:32Z] epoch 1/30:  32%|███▏      | 639/2000 [00:29<01:01, 21.97it/s, drift=5.182e-02, loss=3.886e-04]
[2026-03-18T07:40:32Z] epoch 1/30:  32%|███▏      | 639/2000 [00:29<01:01, 21.97it/s, drift=9.785e-02, loss=1.371e-03]
[2026-03-18T07:40:32Z] epoch 1/30:  32%|███▏      | 639/2000 [00:29<01:01, 21.97it/s, drift=1.228e-01, loss=2.158e-03]
[2026-03-18T07:40:32Z] epoch 1/30:  32%|███▏      | 642/2000 [00:29<01:01, 21.91it/s, drift=1.228e-01, loss=2.158e-03]
[2026-03-18T07:40:32Z] epoch 1/30:  32%|███▏      | 642/2000 [00:29<01:01, 21.91it/s, drift=6.339e-02, loss=5.776e-04]
[2026-03-18T07:40:32Z] epoch 1/30:  32%|███▏      | 642/2000 [00:29<01:01, 21.91it/s, drift=6.162e-02, loss=5.455e-04]
[2026-03-18T07:40:32Z] epoch 1/30:  32%|███▏      | 642/2000 [00:29<01:01, 21.91it/s, drift=6.539e-02, loss=6.176e-04]
[2026-03-18T07:40:32Z] epoch 1/30:  32%|███▏      | 645/2000 [00:29<01:04, 21.17it/s, drift=6.539e-02, loss=6.176e-04]
[2026-03-18T07:40:32Z] epoch 1/30:  32%|███▏      | 645/2000 [00:29<01:04, 21.17it/s, drift=6.369e-02, loss=5.819e-04]
[2026-03-18T07:40:32Z] epoch 1/30:  32%|███▏      | 645/2000 [00:29<01:04, 21.17it/s, drift=5.324e-02, loss=4.081e-04]
[2026-03-18T07:40:32Z] epoch 1/30:  32%|███▏      | 645/2000 [00:29<01:04, 21.17it/s, drift=3.893e-02, loss=2.200e-04]
[2026-03-18T07:40:32Z] epoch 1/30:  32%|███▏      | 648/2000 [00:29<01:02, 21.62it/s, drift=3.893e-02, loss=2.200e-04]
[2026-03-18T07:40:32Z] epoch 1/30:  32%|███▏      | 648/2000 [00:29<01:02, 21.62it/s, drift=5.967e-02, loss=5.140e-04]
[2026-03-18T07:40:32Z] epoch 1/30:  32%|███▏      | 648/2000 [00:29<01:02, 21.62it/s, drift=6.703e-02, loss=6.450e-04]
[2026-03-18T07:40:32Z] epoch 1/30:  32%|███▏      | 648/2000 [00:30<01:02, 21.62it/s, drift=7.698e-02, loss=8.499e-04]
[2026-03-18T07:40:32Z] epoch 1/30:  33%|███▎      | 651/2000 [00:30<01:01, 21.87it/s, drift=7.698e-02, loss=8.499e-04]
[2026-03-18T07:40:32Z] epoch 1/30:  33%|███▎      | 651/2000 [00:30<01:01, 21.87it/s, drift=7.669e-02, loss=8.429e-04]
[2026-03-18T07:40:33Z] epoch 1/30:  33%|███▎      | 651/2000 [00:30<01:01, 21.87it/s, drift=8.621e-02, loss=1.065e-03]
[2026-03-18T07:40:33Z] epoch 1/30:  33%|███▎      | 651/2000 [00:30<01:01, 21.87it/s, drift=8.166e-02, loss=9.611e-04]
[2026-03-18T07:40:33Z] epoch 1/30:  33%|███▎      | 654/2000 [00:30<01:02, 21.38it/s, drift=8.166e-02, loss=9.611e-04]
[2026-03-18T07:40:33Z] epoch 1/30:  33%|███▎      | 654/2000 [00:30<01:02, 21.38it/s, drift=8.373e-02, loss=1.007e-03]
[2026-03-18T07:40:33Z] epoch 1/30:  33%|███▎      | 654/2000 [00:30<01:02, 21.38it/s, drift=5.613e-02, loss=4.519e-04]
[2026-03-18T07:40:33Z] epoch 1/30:  33%|███▎      | 654/2000 [00:30<01:02, 21.38it/s, drift=8.099e-02, loss=9.393e-04]
[2026-03-18T07:40:33Z] epoch 1/30:  33%|███▎      | 657/2000 [00:30<01:01, 21.78it/s, drift=8.099e-02, loss=9.393e-04]
[2026-03-18T07:40:33Z] epoch 1/30:  33%|███▎      | 657/2000 [00:30<01:01, 21.78it/s, drift=3.636e-02, loss=1.924e-04]
[2026-03-18T07:40:33Z] epoch 1/30:  33%|███▎      | 657/2000 [00:30<01:01, 21.78it/s, drift=4.642e-02, loss=3.094e-04]
[2026-03-18T07:40:33Z] epoch 1/30:  33%|███▎      | 657/2000 [00:30<01:01, 21.78it/s, drift=6.059e-02, loss=5.257e-04]
[2026-03-18T07:40:33Z] epoch 1/30:  33%|███▎      | 660/2000 [00:30<01:02, 21.34it/s, drift=6.059e-02, loss=5.257e-04]
[2026-03-18T07:40:33Z] epoch 1/30:  33%|███▎      | 660/2000 [00:30<01:02, 21.34it/s, drift=8.358e-02, loss=1.003e-03]
[2026-03-18T07:40:33Z] epoch 1/30:  33%|███▎      | 660/2000 [00:30<01:02, 21.34it/s, drift=6.636e-02, loss=6.323e-04]
[2026-03-18T07:40:33Z] epoch 1/30:  33%|███▎      | 660/2000 [00:30<01:02, 21.34it/s, drift=4.972e-02, loss=3.576e-04]
[2026-03-18T07:40:33Z] epoch 1/30:  33%|███▎      | 663/2000 [00:30<01:01, 21.63it/s, drift=4.972e-02, loss=3.576e-04]
[2026-03-18T07:40:33Z] epoch 1/30:  33%|███▎      | 663/2000 [00:30<01:01, 21.63it/s, drift=7.121e-02, loss=7.276e-04]
[2026-03-18T07:40:33Z] epoch 1/30:  33%|███▎      | 663/2000 [00:30<01:01, 21.63it/s, drift=6.882e-02, loss=6.807e-04]
[2026-03-18T07:40:33Z] epoch 1/30:  33%|███▎      | 663/2000 [00:30<01:01, 21.63it/s, drift=7.599e-02, loss=8.291e-04]
[2026-03-18T07:40:33Z] epoch 1/30:  33%|███▎      | 666/2000 [00:30<01:02, 21.27it/s, drift=7.599e-02, loss=8.291e-04]
[2026-03-18T07:40:33Z] epoch 1/30:  33%|███▎      | 666/2000 [00:30<01:02, 21.27it/s, drift=5.956e-02, loss=5.081e-04]
[2026-03-18T07:40:33Z] epoch 1/30:  33%|███▎      | 666/2000 [00:30<01:02, 21.27it/s, drift=5.563e-02, loss=4.455e-04]
[2026-03-18T07:40:33Z] epoch 1/30:  33%|███▎      | 666/2000 [00:30<01:02, 21.27it/s, drift=7.900e-02, loss=8.928e-04]
[2026-03-18T07:40:33Z] epoch 1/30:  33%|███▎      | 669/2000 [00:30<01:01, 21.60it/s, drift=7.900e-02, loss=8.928e-04]
[2026-03-18T07:40:33Z] epoch 1/30:  33%|███▎      | 669/2000 [00:30<01:01, 21.60it/s, drift=5.384e-02, loss=4.172e-04]
[2026-03-18T07:40:33Z] epoch 1/30:  33%|███▎      | 669/2000 [00:30<01:01, 21.60it/s, drift=5.415e-02, loss=4.223e-04]
[2026-03-18T07:40:33Z] epoch 1/30:  33%|███▎      | 669/2000 [00:30<01:01, 21.60it/s, drift=6.937e-02, loss=6.889e-04]
[2026-03-18T07:40:33Z] epoch 1/30:  34%|███▎      | 672/2000 [00:30<01:01, 21.49it/s, drift=6.937e-02, loss=6.889e-04]
[2026-03-18T07:40:33Z] epoch 1/30:  34%|███▎      | 672/2000 [00:31<01:01, 21.49it/s, drift=4.523e-02, loss=2.966e-04]
[2026-03-18T07:40:34Z] epoch 1/30:  34%|███▎      | 672/2000 [00:31<01:01, 21.49it/s, drift=7.459e-02, loss=8.005e-04]
[2026-03-18T07:40:34Z] epoch 1/30:  34%|███▎      | 672/2000 [00:31<01:01, 21.49it/s, drift=9.293e-02, loss=1.235e-03]
[2026-03-18T07:40:34Z] epoch 1/30:  34%|███▍      | 675/2000 [00:31<01:01, 21.64it/s, drift=9.293e-02, loss=1.235e-03]
[2026-03-18T07:40:34Z] epoch 1/30:  34%|███▍      | 675/2000 [00:31<01:01, 21.64it/s, drift=5.524e-02, loss=4.391e-04]
[2026-03-18T07:40:34Z] epoch 1/30:  34%|███▍      | 675/2000 [00:31<01:01, 21.64it/s, drift=8.313e-02, loss=9.889e-04]
[2026-03-18T07:40:34Z] epoch 1/30:  34%|███▍      | 675/2000 [00:31<01:01, 21.64it/s, drift=2.648e-02, loss=1.028e-04]
[2026-03-18T07:40:34Z] epoch 1/30:  34%|███▍      | 678/2000 [00:31<01:00, 21.78it/s, drift=2.648e-02, loss=1.028e-04]
[2026-03-18T07:40:34Z] epoch 1/30:  34%|███▍      | 678/2000 [00:31<01:00, 21.78it/s, drift=7.099e-02, loss=7.228e-04]
[2026-03-18T07:40:34Z] epoch 1/30:  34%|███▍      | 678/2000 [00:31<01:00, 21.78it/s, drift=5.299e-02, loss=4.031e-04]
[2026-03-18T07:40:34Z] epoch 1/30:  34%|███▍      | 678/2000 [00:31<01:00, 21.78it/s, drift=4.279e-02, loss=2.630e-04]
[2026-03-18T07:40:34Z] epoch 1/30:  34%|███▍      | 681/2000 [00:31<01:01, 21.40it/s, drift=4.279e-02, loss=2.630e-04]
[2026-03-18T07:40:34Z] epoch 1/30:  34%|███▍      | 681/2000 [00:31<01:01, 21.40it/s, drift=7.338e-02, loss=7.762e-04]
[2026-03-18T07:40:34Z] epoch 1/30:  34%|███▍      | 681/2000 [00:31<01:01, 21.40it/s, drift=8.712e-02, loss=1.090e-03]
[2026-03-18T07:40:34Z] epoch 1/30:  34%|███▍      | 681/2000 [00:31<01:01, 21.40it/s, drift=5.247e-02, loss=3.965e-04]
[2026-03-18T07:40:34Z] epoch 1/30:  34%|███▍      | 684/2000 [00:31<01:00, 21.64it/s, drift=5.247e-02, loss=3.965e-04]
[2026-03-18T07:40:34Z] epoch 1/30:  34%|███▍      | 684/2000 [00:31<01:00, 21.64it/s, drift=4.550e-02, loss=2.984e-04]
[2026-03-18T07:40:34Z] epoch 1/30:  34%|███▍      | 684/2000 [00:31<01:00, 21.64it/s, drift=4.977e-02, loss=3.585e-04]
[2026-03-18T07:40:34Z] epoch 1/30:  34%|███▍      | 684/2000 [00:31<01:00, 21.64it/s, drift=6.566e-02, loss=6.170e-04]
[2026-03-18T07:40:34Z] epoch 1/30:  34%|███▍      | 687/2000 [00:31<01:01, 21.21it/s, drift=6.566e-02, loss=6.170e-04]
[2026-03-18T07:40:34Z] epoch 1/30:  34%|███▍      | 687/2000 [00:31<01:01, 21.21it/s, drift=6.327e-02, loss=5.740e-04]
[2026-03-18T07:40:34Z] epoch 1/30:  34%|███▍      | 687/2000 [00:31<01:01, 21.21it/s, drift=6.597e-02, loss=6.253e-04]
[2026-03-18T07:40:34Z] epoch 1/30:  34%|███▍      | 687/2000 [00:31<01:01, 21.21it/s, drift=6.496e-02, loss=6.061e-04]
[2026-03-18T07:40:34Z] epoch 1/30:  34%|███▍      | 690/2000 [00:31<01:00, 21.65it/s, drift=6.496e-02, loss=6.061e-04]
[2026-03-18T07:40:34Z] epoch 1/30:  34%|███▍      | 690/2000 [00:31<01:00, 21.65it/s, drift=4.801e-02, loss=3.315e-04]
[2026-03-18T07:40:34Z] epoch 1/30:  34%|███▍      | 690/2000 [00:31<01:00, 21.65it/s, drift=8.020e-02, loss=9.218e-04]
[2026-03-18T07:40:34Z] epoch 1/30:  34%|███▍      | 690/2000 [00:31<01:00, 21.65it/s, drift=6.184e-02, loss=5.496e-04]
[2026-03-18T07:40:34Z] epoch 1/30:  35%|███▍      | 693/2000 [00:31<01:01, 21.25it/s, drift=6.184e-02, loss=5.496e-04]
[2026-03-18T07:40:34Z] epoch 1/30:  35%|███▍      | 693/2000 [00:32<01:01, 21.25it/s, drift=9.574e-02, loss=1.311e-03]
[2026-03-18T07:40:34Z] epoch 1/30:  35%|███▍      | 693/2000 [00:32<01:01, 21.25it/s, drift=6.390e-02, loss=5.868e-04]
[2026-03-18T07:40:34Z] epoch 1/30:  35%|███▍      | 693/2000 [00:32<01:01, 21.25it/s, drift=8.107e-02, loss=9.422e-04]
[2026-03-18T07:40:35Z] epoch 1/30:  35%|███▍      | 696/2000 [00:32<01:00, 21.62it/s, drift=8.107e-02, loss=9.422e-04]
[2026-03-18T07:40:35Z] epoch 1/30:  35%|███▍      | 696/2000 [00:32<01:00, 21.62it/s, drift=7.904e-02, loss=8.969e-04]
[2026-03-18T07:40:35Z] epoch 1/30:  35%|███▍      | 696/2000 [00:32<01:00, 21.62it/s, drift=5.682e-02, loss=4.688e-04]
[2026-03-18T07:40:35Z] epoch 1/30:  35%|███▍      | 696/2000 [00:32<01:00, 21.62it/s, drift=4.730e-02, loss=3.259e-04]
[2026-03-18T07:40:35Z] epoch 1/30:  35%|███▍      | 699/2000 [00:32<01:01, 21.26it/s, drift=4.730e-02, loss=3.259e-04]
[2026-03-18T07:40:35Z] epoch 1/30:  35%|███▍      | 699/2000 [00:32<01:01, 21.26it/s, drift=4.651e-02, loss=3.143e-04]
[2026-03-18T07:40:35Z] epoch 1/30:  35%|███▍      | 699/2000 [00:32<01:01, 21.26it/s, drift=4.394e-02, loss=2.773e-04]
[2026-03-18T07:40:35Z] epoch 1/30:  35%|███▍      | 699/2000 [00:32<01:01, 21.26it/s, drift=5.847e-02, loss=4.915e-04]
[2026-03-18T07:40:35Z] epoch 1/30:  35%|███▌      | 702/2000 [00:32<00:59, 21.69it/s, drift=5.847e-02, loss=4.915e-04]
[2026-03-18T07:40:35Z] epoch 1/30:  35%|███▌      | 702/2000 [00:32<00:59, 21.69it/s, drift=1.157e-01, loss=1.919e-03]
[2026-03-18T07:40:35Z] epoch 1/30:  35%|███▌      | 702/2000 [00:32<00:59, 21.69it/s, drift=7.157e-02, loss=7.363e-04]
[2026-03-18T07:40:35Z] epoch 1/30:  35%|███▌      | 702/2000 [00:32<00:59, 21.69it/s, drift=8.438e-02, loss=1.020e-03]
[2026-03-18T07:40:35Z] epoch 1/30:  35%|███▌      | 705/2000 [00:32<01:01, 21.14it/s, drift=8.438e-02, loss=1.020e-03]
[2026-03-18T07:40:35Z] epoch 1/30:  35%|███▌      | 705/2000 [00:32<01:01, 21.14it/s, drift=3.731e-02, loss=2.037e-04]
[2026-03-18T07:40:35Z] epoch 1/30:  35%|███▌      | 705/2000 [00:32<01:01, 21.14it/s, drift=8.589e-02, loss=1.056e-03]
[2026-03-18T07:40:35Z] epoch 1/30:  35%|███▌      | 705/2000 [00:32<01:01, 21.14it/s, drift=9.922e-02, loss=1.410e-03]
[2026-03-18T07:40:35Z] epoch 1/30:  35%|███▌      | 708/2000 [00:32<00:59, 21.56it/s, drift=9.922e-02, loss=1.410e-03]
[2026-03-18T07:40:35Z] epoch 1/30:  35%|███▌      | 708/2000 [00:32<00:59, 21.56it/s, drift=8.005e-02, loss=9.196e-04]
[2026-03-18T07:40:35Z] epoch 1/30:  35%|███▌      | 708/2000 [00:32<00:59, 21.56it/s, drift=5.707e-02, loss=4.675e-04]
[2026-03-18T07:40:35Z] epoch 1/30:  35%|███▌      | 708/2000 [00:32<00:59, 21.56it/s, drift=7.221e-02, loss=7.526e-04]
[2026-03-18T07:40:35Z] epoch 1/30:  36%|███▌      | 711/2000 [00:32<01:00, 21.22it/s, drift=7.221e-02, loss=7.526e-04]
[2026-03-18T07:40:35Z] epoch 1/30:  36%|███▌      | 711/2000 [00:32<01:00, 21.22it/s, drift=8.321e-02, loss=9.926e-04]
[2026-03-18T07:40:35Z] epoch 1/30:  36%|███▌      | 711/2000 [00:32<01:00, 21.22it/s, drift=8.543e-02, loss=1.049e-03]
[2026-03-18T07:40:35Z] epoch 1/30:  36%|███▌      | 711/2000 [00:32<01:00, 21.22it/s, drift=5.345e-02, loss=4.116e-04]
[2026-03-18T07:40:35Z] epoch 1/30:  36%|███▌      | 714/2000 [00:32<00:59, 21.63it/s, drift=5.345e-02, loss=4.116e-04]
[2026-03-18T07:40:35Z] epoch 1/30:  36%|███▌      | 714/2000 [00:32<00:59, 21.63it/s, drift=6.302e-02, loss=5.723e-04]
[2026-03-18T07:40:35Z] epoch 1/30:  36%|███▌      | 714/2000 [00:33<00:59, 21.63it/s, drift=5.892e-02, loss=4.993e-04]
[2026-03-18T07:40:35Z] epoch 1/30:  36%|███▌      | 714/2000 [00:33<00:59, 21.63it/s, drift=6.591e-02, loss=6.232e-04]
[2026-03-18T07:40:36Z] epoch 1/30:  36%|███▌      | 717/2000 [00:33<01:00, 21.33it/s, drift=6.591e-02, loss=6.232e-04]
[2026-03-18T07:40:36Z] epoch 1/30:  36%|███▌      | 717/2000 [00:33<01:00, 21.33it/s, drift=7.097e-02, loss=7.211e-04]
[2026-03-18T07:40:36Z] epoch 1/30:  36%|███▌      | 717/2000 [00:33<01:00, 21.33it/s, drift=7.047e-02, loss=7.100e-04]
[2026-03-18T07:40:36Z] epoch 1/30:  36%|███▌      | 717/2000 [00:33<01:00, 21.33it/s, drift=9.076e-02, loss=1.179e-03]
[2026-03-18T07:40:36Z] epoch 1/30:  36%|███▌      | 720/2000 [00:33<00:58, 21.73it/s, drift=9.076e-02, loss=1.179e-03]
[2026-03-18T07:40:36Z] epoch 1/30:  36%|███▌      | 720/2000 [00:33<00:58, 21.73it/s, drift=5.614e-02, loss=4.535e-04]
[2026-03-18T07:40:36Z] epoch 1/30:  36%|███▌      | 720/2000 [00:33<00:58, 21.73it/s, drift=7.734e-02, loss=8.575e-04]
[2026-03-18T07:40:36Z] epoch 1/30:  36%|███▌      | 720/2000 [00:33<00:58, 21.73it/s, drift=5.927e-02, loss=5.058e-04]
[2026-03-18T07:40:36Z] epoch 1/30:  36%|███▌      | 723/2000 [00:33<00:57, 22.02it/s, drift=5.927e-02, loss=5.058e-04]
[2026-03-18T07:40:36Z] epoch 1/30:  36%|███▌      | 723/2000 [00:33<00:57, 22.02it/s, drift=8.006e-02, loss=9.183e-04]
[2026-03-18T07:40:36Z] epoch 1/30:  36%|███▌      | 723/2000 [00:33<00:57, 22.02it/s, drift=5.126e-02, loss=3.771e-04]
[2026-03-18T07:40:36Z] epoch 1/30:  36%|███▌      | 723/2000 [00:33<00:57, 22.02it/s, drift=5.683e-02, loss=4.658e-04]
[2026-03-18T07:40:36Z] epoch 1/30:  36%|███▋      | 726/2000 [00:33<00:59, 21.46it/s, drift=5.683e-02, loss=4.658e-04]
[2026-03-18T07:40:36Z] epoch 1/30:  36%|███▋      | 726/2000 [00:33<00:59, 21.46it/s, drift=5.123e-02, loss=3.792e-04]
[2026-03-18T07:40:36Z] epoch 1/30:  36%|███▋      | 726/2000 [00:33<00:59, 21.46it/s, drift=6.783e-02, loss=6.583e-04]
[2026-03-18T07:40:36Z] epoch 1/30:  36%|███▋      | 726/2000 [00:33<00:59, 21.46it/s, drift=5.256e-02, loss=3.965e-04]
[2026-03-18T07:40:36Z] epoch 1/30:  36%|███▋      | 729/2000 [00:33<00:58, 21.72it/s, drift=5.256e-02, loss=3.965e-04]
[2026-03-18T07:40:36Z] epoch 1/30:  36%|███▋      | 729/2000 [00:33<00:58, 21.72it/s, drift=7.751e-02, loss=8.680e-04]
[2026-03-18T07:40:36Z] epoch 1/30:  36%|███▋      | 729/2000 [00:33<00:58, 21.72it/s, drift=7.084e-02, loss=7.197e-04]
[2026-03-18T07:40:36Z] epoch 1/30:  36%|███▋      | 729/2000 [00:33<00:58, 21.72it/s, drift=5.010e-02, loss=3.651e-04]
[2026-03-18T07:40:36Z] epoch 1/30:  37%|███▋      | 732/2000 [00:33<00:58, 21.74it/s, drift=5.010e-02, loss=3.651e-04]
[2026-03-18T07:40:36Z] epoch 1/30:  37%|███▋      | 732/2000 [00:33<00:58, 21.74it/s, drift=6.955e-02, loss=6.941e-04]
[2026-03-18T07:40:36Z] epoch 1/30:  37%|███▋      | 732/2000 [00:33<00:58, 21.74it/s, drift=5.622e-02, loss=4.547e-04]
[2026-03-18T07:40:36Z] epoch 1/30:  37%|███▋      | 732/2000 [00:33<00:58, 21.74it/s, drift=8.113e-02, loss=9.428e-04]
[2026-03-18T07:40:36Z] epoch 1/30:  37%|███▋      | 735/2000 [00:33<00:58, 21.73it/s, drift=8.113e-02, loss=9.428e-04]
[2026-03-18T07:40:36Z] epoch 1/30:  37%|███▋      | 735/2000 [00:33<00:58, 21.73it/s, drift=5.408e-02, loss=4.200e-04]
[2026-03-18T07:40:36Z] epoch 1/30:  37%|███▋      | 735/2000 [00:34<00:58, 21.73it/s, drift=6.581e-02, loss=6.218e-04]
[2026-03-18T07:40:36Z] epoch 1/30:  37%|███▋      | 735/2000 [00:34<00:58, 21.73it/s, drift=7.874e-02, loss=8.878e-04]
[2026-03-18T07:40:36Z] epoch 1/30:  37%|███▋      | 738/2000 [00:34<00:57, 21.83it/s, drift=7.874e-02, loss=8.878e-04]
[2026-03-18T07:40:37Z] epoch 1/30:  37%|███▋      | 738/2000 [00:34<00:57, 21.83it/s, drift=5.657e-02, loss=4.600e-04]
[2026-03-18T07:40:37Z] epoch 1/30:  37%|███▋      | 738/2000 [00:34<00:57, 21.83it/s, drift=1.861e-02, loss=5.266e-05]
[2026-03-18T07:40:37Z] epoch 1/30:  37%|███▋      | 738/2000 [00:34<00:57, 21.83it/s, drift=6.255e-02, loss=5.617e-04]
[2026-03-18T07:40:37Z] epoch 1/30:  37%|███▋      | 741/2000 [00:34<00:58, 21.59it/s, drift=6.255e-02, loss=5.617e-04]
[2026-03-18T07:40:37Z] epoch 1/30:  37%|███▋      | 741/2000 [00:34<00:58, 21.59it/s, drift=4.913e-02, loss=3.487e-04]
[2026-03-18T07:40:37Z] epoch 1/30:  37%|███▋      | 741/2000 [00:34<00:58, 21.59it/s, drift=9.499e-02, loss=1.290e-03]
[2026-03-18T07:40:37Z] epoch 1/30:  37%|███▋      | 741/2000 [00:34<00:58, 21.59it/s, drift=5.552e-02, loss=4.448e-04]
[2026-03-18T07:40:37Z] epoch 1/30:  37%|███▋      | 744/2000 [00:34<00:57, 21.91it/s, drift=5.552e-02, loss=4.448e-04]
[2026-03-18T07:40:37Z] epoch 1/30:  37%|███▋      | 744/2000 [00:34<00:57, 21.91it/s, drift=4.251e-02, loss=2.597e-04]
[2026-03-18T07:40:37Z] epoch 1/30:  37%|███▋      | 744/2000 [00:34<00:57, 21.91it/s, drift=5.276e-02, loss=4.002e-04]
[2026-03-18T07:40:37Z] epoch 1/30:  37%|███▋      | 744/2000 [00:34<00:57, 21.91it/s, drift=4.991e-02, loss=3.595e-04]
[2026-03-18T07:40:37Z] epoch 1/30:  37%|███▋      | 747/2000 [00:34<00:58, 21.42it/s, drift=4.991e-02, loss=3.595e-04]
[2026-03-18T07:40:37Z] epoch 1/30:  37%|███▋      | 747/2000 [00:34<00:58, 21.42it/s, drift=1.032e-01, loss=1.524e-03]
[2026-03-18T07:40:37Z] epoch 1/30:  37%|███▋      | 747/2000 [00:34<00:58, 21.42it/s, drift=6.416e-02, loss=5.927e-04]
[2026-03-18T07:40:37Z] epoch 1/30:  37%|███▋      | 747/2000 [00:34<00:58, 21.42it/s, drift=8.168e-02, loss=9.563e-04]
[2026-03-18T07:40:37Z] epoch 1/30:  38%|███▊      | 750/2000 [00:34<00:57, 21.80it/s, drift=8.168e-02, loss=9.563e-04]
[2026-03-18T07:40:37Z] epoch 1/30:  38%|███▊      | 750/2000 [00:34<00:57, 21.80it/s, drift=8.243e-02, loss=9.789e-04]
[2026-03-18T07:40:37Z] epoch 1/30:  38%|███▊      | 750/2000 [00:34<00:57, 21.80it/s, drift=6.380e-02, loss=5.830e-04]
[2026-03-18T07:40:37Z] epoch 1/30:  38%|███▊      | 750/2000 [00:34<00:57, 21.80it/s, drift=8.305e-02, loss=9.873e-04]
[2026-03-18T07:40:37Z] epoch 1/30:  38%|███▊      | 753/2000 [00:34<00:58, 21.48it/s, drift=8.305e-02, loss=9.873e-04]
[2026-03-18T07:40:37Z] epoch 1/30:  38%|███▊      | 753/2000 [00:34<00:58, 21.48it/s, drift=7.253e-02, loss=7.595e-04]
[2026-03-18T07:40:37Z] epoch 1/30:  38%|███▊      | 753/2000 [00:34<00:58, 21.48it/s, drift=5.566e-02, loss=4.439e-04]
[2026-03-18T07:40:37Z] epoch 1/30:  38%|███▊      | 753/2000 [00:34<00:58, 21.48it/s, drift=8.235e-02, loss=9.706e-04]
[2026-03-18T07:40:37Z] epoch 1/30:  38%|███▊      | 756/2000 [00:34<00:57, 21.75it/s, drift=8.235e-02, loss=9.706e-04]
[2026-03-18T07:40:37Z] epoch 1/30:  38%|███▊      | 756/2000 [00:34<00:57, 21.75it/s, drift=5.779e-02, loss=4.784e-04]
[2026-03-18T07:40:37Z] epoch 1/30:  38%|███▊      | 756/2000 [00:34<00:57, 21.75it/s, drift=8.655e-02, loss=1.073e-03]
[2026-03-18T07:40:37Z] epoch 1/30:  38%|███▊      | 756/2000 [00:35<00:57, 21.75it/s, drift=8.381e-02, loss=1.008e-03]
[2026-03-18T07:40:37Z] epoch 1/30:  38%|███▊      | 759/2000 [00:35<00:57, 21.41it/s, drift=8.381e-02, loss=1.008e-03]
[2026-03-18T07:40:38Z] epoch 1/30:  38%|███▊      | 759/2000 [00:35<00:57, 21.41it/s, drift=3.635e-02, loss=1.915e-04]
[2026-03-18T07:40:38Z] epoch 1/30:  38%|███▊      | 759/2000 [00:35<00:57, 21.41it/s, drift=7.285e-02, loss=7.625e-04]
[2026-03-18T07:40:38Z] epoch 1/30:  38%|███▊      | 759/2000 [00:35<00:57, 21.41it/s, drift=4.409e-02, loss=2.794e-04]
[2026-03-18T07:40:38Z] epoch 1/30:  38%|███▊      | 762/2000 [00:35<00:57, 21.64it/s, drift=4.409e-02, loss=2.794e-04]
[2026-03-18T07:40:38Z] epoch 1/30:  38%|███▊      | 762/2000 [00:35<00:57, 21.64it/s, drift=7.493e-02, loss=8.056e-04]
[2026-03-18T07:40:38Z] epoch 1/30:  38%|███▊      | 762/2000 [00:35<00:57, 21.64it/s, drift=4.920e-02, loss=3.471e-04]
[2026-03-18T07:40:38Z] epoch 1/30:  38%|███▊      | 762/2000 [00:35<00:57, 21.64it/s, drift=7.895e-02, loss=8.929e-04]
[2026-03-18T07:40:38Z] epoch 1/30:  38%|███▊      | 765/2000 [00:35<00:56, 21.76it/s, drift=7.895e-02, loss=8.929e-04]
[2026-03-18T07:40:38Z] epoch 1/30:  38%|███▊      | 765/2000 [00:35<00:56, 21.76it/s, drift=6.592e-02, loss=6.245e-04]
[2026-03-18T07:40:38Z] epoch 1/30:  38%|███▊      | 765/2000 [00:35<00:56, 21.76it/s, drift=7.212e-02, loss=7.452e-04]
[2026-03-18T07:40:38Z] epoch 1/30:  38%|███▊      | 765/2000 [00:35<00:56, 21.76it/s, drift=1.003e-01, loss=1.441e-03]
[2026-03-18T07:40:38Z] epoch 1/30:  38%|███▊      | 768/2000 [00:35<00:57, 21.60it/s, drift=1.003e-01, loss=1.441e-03]
[2026-03-18T07:40:38Z] epoch 1/30:  38%|███▊      | 768/2000 [00:35<00:57, 21.60it/s, drift=7.345e-02, loss=7.742e-04]
[2026-03-18T07:40:38Z] epoch 1/30:  38%|███▊      | 768/2000 [00:35<00:57, 21.60it/s, drift=4.308e-02, loss=2.678e-04]
[2026-03-18T07:40:38Z] epoch 1/30:  38%|███▊      | 768/2000 [00:35<00:57, 21.60it/s, drift=7.742e-02, loss=8.611e-04]
[2026-03-18T07:40:38Z] epoch 1/30:  39%|███▊      | 771/2000 [00:35<00:56, 21.91it/s, drift=7.742e-02, loss=8.611e-04]
[2026-03-18T07:40:38Z] epoch 1/30:  39%|███▊      | 771/2000 [00:35<00:56, 21.91it/s, drift=5.682e-02, loss=4.637e-04]
[2026-03-18T07:40:38Z] epoch 1/30:  39%|███▊      | 771/2000 [00:35<00:56, 21.91it/s, drift=7.841e-02, loss=8.831e-04]
[2026-03-18T07:40:38Z] epoch 1/30:  39%|███▊      | 771/2000 [00:35<00:56, 21.91it/s, drift=6.385e-02, loss=5.868e-04]
[2026-03-18T07:40:38Z] epoch 1/30:  39%|███▊      | 774/2000 [00:35<00:57, 21.46it/s, drift=6.385e-02, loss=5.868e-04]
[2026-03-18T07:40:38Z] epoch 1/30:  39%|███▊      | 774/2000 [00:35<00:57, 21.46it/s, drift=4.849e-02, loss=3.369e-04]
[2026-03-18T07:40:38Z] epoch 1/30:  39%|███▊      | 774/2000 [00:35<00:57, 21.46it/s, drift=4.439e-02, loss=2.876e-04]
[2026-03-18T07:40:38Z] epoch 1/30:  39%|███▊      | 774/2000 [00:35<00:57, 21.46it/s, drift=5.017e-02, loss=3.606e-04]
[2026-03-18T07:40:38Z] epoch 1/30:  39%|███▉      | 777/2000 [00:35<00:56, 21.80it/s, drift=5.017e-02, loss=3.606e-04]
[2026-03-18T07:40:38Z] epoch 1/30:  39%|███▉      | 777/2000 [00:35<00:56, 21.80it/s, drift=5.343e-02, loss=4.103e-04]
[2026-03-18T07:40:38Z] epoch 1/30:  39%|███▉      | 777/2000 [00:35<00:56, 21.80it/s, drift=6.227e-02, loss=5.565e-04]
[2026-03-18T07:40:38Z] epoch 1/30:  39%|███▉      | 777/2000 [00:35<00:56, 21.80it/s, drift=4.920e-02, loss=3.516e-04]
[2026-03-18T07:40:38Z] epoch 1/30:  39%|███▉      | 780/2000 [00:35<00:55, 22.08it/s, drift=4.920e-02, loss=3.516e-04]
[2026-03-18T07:40:38Z] epoch 1/30:  39%|███▉      | 780/2000 [00:36<00:55, 22.08it/s, drift=3.718e-02, loss=2.028e-04]
[2026-03-18T07:40:38Z] epoch 1/30:  39%|███▉      | 780/2000 [00:36<00:55, 22.08it/s, drift=5.113e-02, loss=3.763e-04]
[2026-03-18T07:40:38Z] epoch 1/30:  39%|███▉      | 780/2000 [00:36<00:55, 22.08it/s, drift=6.525e-02, loss=6.129e-04]
[2026-03-18T07:40:39Z] epoch 1/30:  39%|███▉      | 783/2000 [00:36<00:54, 22.23it/s, drift=6.525e-02, loss=6.129e-04]
[2026-03-18T07:40:39Z] epoch 1/30:  39%|███▉      | 783/2000 [00:36<00:54, 22.23it/s, drift=9.678e-02, loss=1.341e-03]
[2026-03-18T07:40:39Z] epoch 1/30:  39%|███▉      | 783/2000 [00:36<00:54, 22.23it/s, drift=4.333e-02, loss=2.729e-04]
[2026-03-18T07:40:39Z] epoch 1/30:  39%|███▉      | 783/2000 [00:36<00:54, 22.23it/s, drift=9.397e-02, loss=1.267e-03]
[2026-03-18T07:40:39Z] epoch 1/30:  39%|███▉      | 786/2000 [00:36<00:54, 22.29it/s, drift=9.397e-02, loss=1.267e-03]
[2026-03-18T07:40:39Z] epoch 1/30:  39%|███▉      | 786/2000 [00:36<00:54, 22.29it/s, drift=6.270e-02, loss=5.624e-04]
[2026-03-18T07:40:39Z] epoch 1/30:  39%|███▉      | 786/2000 [00:36<00:54, 22.29it/s, drift=4.778e-02, loss=3.281e-04]
[2026-03-18T07:40:39Z] epoch 1/30:  39%|███▉      | 786/2000 [00:36<00:54, 22.29it/s, drift=6.910e-02, loss=6.905e-04]
[2026-03-18T07:40:39Z] epoch 1/30:  39%|███▉      | 789/2000 [00:36<00:54, 22.38it/s, drift=6.910e-02, loss=6.905e-04]
[2026-03-18T07:40:39Z] epoch 1/30:  39%|███▉      | 789/2000 [00:36<00:54, 22.38it/s, drift=4.495e-02, loss=2.901e-04]
[2026-03-18T07:40:39Z] epoch 1/30:  39%|███▉      | 789/2000 [00:36<00:54, 22.38it/s, drift=7.673e-02, loss=8.513e-04]
[2026-03-18T07:40:39Z] epoch 1/30:  39%|███▉      | 789/2000 [00:36<00:54, 22.38it/s, drift=6.391e-02, loss=5.918e-04]
[2026-03-18T07:40:39Z] epoch 1/30:  40%|███▉      | 792/2000 [00:36<00:53, 22.51it/s, drift=6.391e-02, loss=5.918e-04]
[2026-03-18T07:40:39Z] epoch 1/30:  40%|███▉      | 792/2000 [00:36<00:53, 22.51it/s, drift=7.470e-02, loss=8.005e-04]
[2026-03-18T07:40:39Z] epoch 1/30:  40%|███▉      | 792/2000 [00:36<00:53, 22.51it/s, drift=9.119e-02, loss=1.190e-03]
[2026-03-18T07:40:39Z] epoch 1/30:  40%|███▉      | 792/2000 [00:36<00:53, 22.51it/s, drift=9.466e-02, loss=1.282e-03]
[2026-03-18T07:40:39Z] epoch 1/30:  40%|███▉      | 795/2000 [00:36<00:53, 22.59it/s, drift=9.466e-02, loss=1.282e-03]
