{
  "checkpoint": "/home/entropy/GitHub/conditional_drifting_models/weights/channel_implants/optfib/optfib2_wgan_seed7.pt",
  "summary": "/home/entropy/GitHub/conditional_drifting_models/weights/channel_implants/optfib/optfib2_wgan_seed7.json"
}
diff epoch 1/30: loss=5.032543e-01, lr=1.000e-03
diff epoch 2/30: loss=4.707620e-01, lr=1.000e-03
diff epoch 3/30: loss=3.970795e-01, lr=1.000e-03
diff epoch 4/30: loss=3.544308e-01, lr=1.000e-03
diff epoch 5/30: loss=3.342708e-01, lr=1.000e-03
diff epoch 6/30: loss=3.280910e-01, lr=1.000e-03
diff epoch 7/30: loss=3.224996e-01, lr=1.000e-03
diff epoch 8/30: loss=3.196912e-01, lr=1.000e-03
diff epoch 9/30: loss=3.165652e-01, lr=1.000e-03
diff epoch 10/30: loss=3.155344e-01, lr=1.000e-03
diff epoch 11/30: loss=3.134624e-01, lr=1.000e-03
diff epoch 12/30: loss=3.107638e-01, lr=1.000e-03
diff epoch 13/30: loss=3.085073e-01, lr=1.000e-03
diff epoch 14/30: loss=3.059195e-01, lr=1.000e-03
diff epoch 15/30: loss=3.063922e-01, lr=1.000e-03
diff epoch 16/30: loss=3.066546e-01, lr=1.000e-03
diff epoch 17/30: loss=3.060987e-01, lr=1.000e-03
diff epoch 18/30: loss=3.058678e-01, lr=1.000e-03
diff epoch 19/30: loss=3.053242e-01, lr=1.000e-03
diff epoch 20/30: loss=3.052542e-01, lr=1.000e-03
diff epoch 21/30: loss=3.045491e-01, lr=1.000e-03
diff epoch 22/30: loss=3.049139e-01, lr=1.000e-03
diff epoch 23/30: loss=3.042211e-01, lr=1.000e-03
diff epoch 24/30: loss=3.052018e-01, lr=1.000e-03
diff epoch 25/30: loss=3.045497e-01, lr=1.000e-03
diff epoch 26/30: loss=3.042662e-01, lr=1.000e-03
diff epoch 27/30: loss=3.048817e-01, lr=1.000e-03
diff epoch 28/30: loss=3.048731e-01, lr=1.000e-03
diff epoch 29/30: loss=3.050286e-01, lr=1.000e-03
diff epoch 30/30: loss=3.039934e-01, lr=1.000e-03
{
  "checkpoint": "/home/entropy/GitHub/conditional_drifting_models/weights/channel_implants/optfib/optfib2_diffusion_direct_seed7.pt",
  "summary": "/home/entropy/GitHub/conditional_drifting_models/weights/channel_implants/optfib/optfib2_diffusion_direct_seed7.json"
}
diff epoch 1/30: loss=5.064138e-01, lr=1.000e-03
diff epoch 2/30: loss=4.470134e-01, lr=1.000e-03
diff epoch 3/30: loss=3.863240e-01, lr=1.000e-03
diff epoch 4/30: loss=3.452099e-01, lr=1.000e-03
diff epoch 5/30: loss=3.299451e-01, lr=1.000e-03
diff epoch 6/30: loss=3.230856e-01, lr=1.000e-03
diff epoch 7/30: loss=3.190989e-01, lr=1.000e-03
diff epoch 8/30: loss=3.182541e-01, lr=1.000e-03
diff epoch 9/30: loss=3.157732e-01, lr=1.000e-03
diff epoch 10/30: loss=3.150003e-01, lr=1.000e-03
diff epoch 11/30: loss=3.132110e-01, lr=1.000e-03
diff epoch 12/30: loss=3.106534e-01, lr=1.000e-03
diff epoch 13/30: loss=3.085575e-01, lr=1.000e-03
diff epoch 14/30: loss=3.060192e-01, lr=1.000e-03
diff epoch 15/30: loss=3.066537e-01, lr=1.000e-03
diff epoch 16/30: loss=3.069038e-01, lr=1.000e-03
diff epoch 17/30: loss=3.064064e-01, lr=1.000e-03
diff epoch 18/30: loss=3.060482e-01, lr=1.000e-03
diff epoch 19/30: loss=3.056498e-01, lr=1.000e-03
diff epoch 20/30: loss=3.053201e-01, lr=1.000e-03
diff epoch 21/30: loss=3.048534e-01, lr=1.000e-03
diff epoch 22/30: loss=3.052307e-01, lr=1.000e-03
diff epoch 23/30: loss=3.044847e-01, lr=1.000e-03
diff epoch 24/30: loss=3.054996e-01, lr=1.000e-03
diff epoch 25/30: loss=3.047707e-01, lr=1.000e-03
diff epoch 26/30: loss=3.044722e-01, lr=1.000e-03
diff epoch 27/30: loss=3.051268e-01, lr=1.000e-03
diff epoch 28/30: loss=3.051410e-01, lr=1.000e-03
diff epoch 29/30: loss=3.053563e-01, lr=1.000e-03
diff epoch 30/30: loss=3.042630e-01, lr=1.000e-03
{
  "checkpoint": "/home/entropy/GitHub/conditional_drifting_models/weights/channel_implants/optfib/optfib2_diffusion_residual_seed7.pt",
  "summary": "/home/entropy/GitHub/conditional_drifting_models/weights/channel_implants/optfib/optfib2_diffusion_residual_seed7.json"
}
epoch 1/160: loss=3.620252e-03, drift=7.503013e-02
epoch 2/160: loss=3.360708e-03, drift=7.243928e-02
epoch 3/160: loss=2.933782e-03, drift=6.802165e-02
epoch 4/160: loss=3.240126e-03, drift=7.101132e-02
epoch 5/160: loss=3.011571e-03, drift=6.906353e-02
epoch 6/160: loss=3.294233e-03, drift=7.147460e-02
epoch 7/160: loss=3.045727e-03, drift=6.896119e-02
epoch 8/160: loss=3.129815e-03, drift=6.985792e-02
epoch 9/160: loss=2.995261e-03, drift=6.875856e-02
epoch 10/160: loss=3.237992e-03, drift=7.134239e-02
epoch 11/160: loss=3.171902e-03, drift=7.026330e-02
epoch 12/160: loss=3.226127e-03, drift=7.071832e-02
epoch 13/160: loss=3.014865e-03, drift=6.816042e-02
epoch 14/160: loss=2.942025e-03, drift=6.809842e-02
epoch 15/160: loss=2.949274e-03, drift=6.779915e-02
epoch 16/160: loss=3.075649e-03, drift=6.927963e-02
epoch 17/160: loss=3.118909e-03, drift=6.938639e-02
epoch 18/160: loss=3.174228e-03, drift=7.050496e-02
epoch 19/160: loss=3.220606e-03, drift=7.068394e-02
epoch 20/160: loss=3.027281e-03, drift=6.846447e-02
epoch 21/160: loss=3.056051e-03, drift=6.912888e-02
epoch 22/160: loss=3.032661e-03, drift=6.861217e-02
epoch 23/160: loss=3.258794e-03, drift=7.184440e-02
epoch 24/160: loss=3.099527e-03, drift=6.963271e-02
epoch 25/160: loss=2.993998e-03, drift=6.830863e-02
epoch 26/160: loss=3.047088e-03, drift=6.864568e-02
epoch 27/160: loss=2.982415e-03, drift=6.816059e-02
epoch 28/160: loss=2.894162e-03, drift=6.649653e-02
epoch 29/160: loss=2.973892e-03, drift=6.810350e-02
epoch 30/160: loss=3.260600e-03, drift=7.134442e-02
epoch 31/160: loss=3.036117e-03, drift=6.896446e-02
epoch 32/160: loss=2.974481e-03, drift=6.794781e-02
epoch 33/160: loss=3.220497e-03, drift=7.039266e-02
epoch 34/160: loss=2.967227e-03, drift=6.802661e-02
epoch 35/160: loss=2.868623e-03, drift=6.664520e-02
epoch 36/160: loss=3.066736e-03, drift=6.880266e-02
epoch 37/160: loss=2.815683e-03, drift=6.640954e-02
epoch 38/160: loss=3.073718e-03, drift=6.902805e-02
epoch 39/160: loss=3.108045e-03, drift=6.941077e-02
epoch 40/160: loss=3.032346e-03, drift=6.863626e-02
epoch 41/160: loss=2.975452e-03, drift=6.818498e-02
epoch 42/160: loss=3.078116e-03, drift=6.919800e-02
epoch 43/160: loss=2.986992e-03, drift=6.837543e-02
epoch 44/160: loss=2.987985e-03, drift=6.804464e-02
epoch 45/160: loss=3.081380e-03, drift=6.901902e-02
epoch 46/160: loss=2.959465e-03, drift=6.825390e-02
epoch 47/160: loss=2.993603e-03, drift=6.866767e-02
epoch 48/160: loss=2.901300e-03, drift=6.697887e-02
epoch 49/160: loss=3.187934e-03, drift=7.071193e-02
epoch 50/160: loss=2.898673e-03, drift=6.768884e-02
epoch 51/160: loss=2.992712e-03, drift=6.864292e-02
epoch 52/160: loss=2.863509e-03, drift=6.667857e-02
epoch 53/160: loss=2.896644e-03, drift=6.677189e-02
epoch 54/160: loss=2.890631e-03, drift=6.697583e-02
epoch 55/160: loss=2.884989e-03, drift=6.683868e-02
epoch 56/160: loss=2.840354e-03, drift=6.696099e-02
epoch 57/160: loss=2.840749e-03, drift=6.703830e-02
epoch 58/160: loss=2.878033e-03, drift=6.700603e-02
epoch 59/160: loss=2.889875e-03, drift=6.667847e-02
epoch 60/160: loss=2.804391e-03, drift=6.559839e-02
epoch 61/160: loss=3.028314e-03, drift=6.864524e-02
epoch 62/160: loss=2.922880e-03, drift=6.792115e-02
epoch 63/160: loss=2.956598e-03, drift=6.826557e-02
epoch 64/160: loss=2.897563e-03, drift=6.676493e-02
epoch 65/160: loss=2.894477e-03, drift=6.748308e-02
epoch 66/160: loss=2.819666e-03, drift=6.643653e-02
epoch 67/160: loss=3.036623e-03, drift=6.936352e-02
epoch 68/160: loss=2.766713e-03, drift=6.539843e-02
epoch 69/160: loss=2.827060e-03, drift=6.669428e-02
epoch 70/160: loss=3.122086e-03, drift=6.978212e-02
epoch 71/160: loss=2.869678e-03, drift=6.735853e-02
epoch 72/160: loss=3.096480e-03, drift=6.958745e-02
epoch 73/160: loss=2.838143e-03, drift=6.656685e-02
epoch 74/160: loss=2.803792e-03, drift=6.605928e-02
epoch 75/160: loss=2.993536e-03, drift=6.821756e-02
epoch 76/160: loss=2.981804e-03, drift=6.796450e-02
epoch 77/160: loss=2.878667e-03, drift=6.756726e-02
epoch 78/160: loss=3.115165e-03, drift=6.953048e-02
epoch 79/160: loss=2.966514e-03, drift=6.841918e-02
epoch 80/160: loss=3.084874e-03, drift=6.965563e-02
epoch 81/160: loss=2.788147e-03, drift=6.578253e-02
epoch 82/160: loss=2.948794e-03, drift=6.788279e-02
epoch 83/160: loss=3.059978e-03, drift=6.933307e-02
epoch 84/160: loss=2.749351e-03, drift=6.532158e-02
epoch 85/160: loss=2.862746e-03, drift=6.660931e-02
epoch 86/160: loss=2.898505e-03, drift=6.758967e-02
epoch 87/160: loss=2.989290e-03, drift=6.827776e-02
epoch 88/160: loss=3.056637e-03, drift=6.861662e-02
epoch 89/160: loss=2.964311e-03, drift=6.782376e-02
epoch 90/160: loss=2.990490e-03, drift=6.803382e-02
epoch 91/160: loss=2.887738e-03, drift=6.707457e-02
epoch 92/160: loss=3.137943e-03, drift=7.014797e-02
epoch 93/160: loss=3.061701e-03, drift=6.899580e-02
epoch 94/160: loss=2.930869e-03, drift=6.814337e-02
epoch 95/160: loss=2.902212e-03, drift=6.721552e-02
epoch 96/160: loss=2.890838e-03, drift=6.689650e-02
epoch 97/160: loss=3.187991e-03, drift=7.028326e-02
epoch 98/160: loss=2.935434e-03, drift=6.785282e-02
epoch 99/160: loss=2.960294e-03, drift=6.795869e-02
epoch 100/160: loss=2.953698e-03, drift=6.830742e-02
epoch 101/160: loss=2.794476e-03, drift=6.657099e-02
epoch 102/160: loss=2.997829e-03, drift=6.873916e-02
epoch 103/160: loss=2.820909e-03, drift=6.678192e-02
epoch 104/160: loss=2.775543e-03, drift=6.577350e-02
epoch 105/160: loss=3.032688e-03, drift=6.907835e-02
epoch 106/160: loss=3.024671e-03, drift=6.869854e-02
epoch 107/160: loss=3.050690e-03, drift=6.901007e-02
epoch 108/160: loss=3.046587e-03, drift=6.920094e-02
epoch 109/160: loss=3.052087e-03, drift=6.937631e-02
epoch 110/160: loss=2.811632e-03, drift=6.684410e-02
epoch 111/160: loss=3.026661e-03, drift=6.889747e-02
epoch 112/160: loss=3.084113e-03, drift=6.935614e-02
epoch 113/160: loss=2.828706e-03, drift=6.643751e-02
epoch 114/160: loss=2.902080e-03, drift=6.715336e-02
epoch 115/160: loss=2.813358e-03, drift=6.650724e-02
epoch 116/160: loss=2.812523e-03, drift=6.610973e-02
epoch 117/160: loss=2.840563e-03, drift=6.608725e-02
epoch 118/160: loss=3.021640e-03, drift=6.803088e-02
epoch 119/160: loss=3.056240e-03, drift=6.965369e-02
epoch 120/160: loss=2.880765e-03, drift=6.693204e-02
epoch 121/160: loss=2.775462e-03, drift=6.541822e-02
epoch 122/160: loss=2.942307e-03, drift=6.743472e-02
epoch 123/160: loss=2.917956e-03, drift=6.746188e-02
epoch 124/160: loss=2.987805e-03, drift=6.806388e-02
epoch 125/160: loss=2.918298e-03, drift=6.742341e-02
epoch 126/160: loss=2.939492e-03, drift=6.746682e-02
epoch 127/160: loss=3.012443e-03, drift=6.885706e-02
epoch 128/160: loss=2.946645e-03, drift=6.756891e-02
epoch 129/160: loss=2.749345e-03, drift=6.553706e-02
epoch 130/160: loss=2.860625e-03, drift=6.645143e-02
epoch 131/160: loss=3.110566e-03, drift=6.970321e-02
epoch 132/160: loss=2.921743e-03, drift=6.784800e-02
epoch 133/160: loss=2.821516e-03, drift=6.581893e-02
epoch 134/160: loss=2.873966e-03, drift=6.721439e-02
epoch 135/160: loss=2.889429e-03, drift=6.681307e-02
epoch 136/160: loss=2.977737e-03, drift=6.801843e-02
epoch 137/160: loss=3.051609e-03, drift=6.937325e-02
epoch 138/160: loss=2.769447e-03, drift=6.547357e-02
epoch 139/160: loss=2.695380e-03, drift=6.463510e-02
epoch 140/160: loss=2.881163e-03, drift=6.730416e-02
epoch 141/160: loss=3.027826e-03, drift=6.921451e-02
epoch 142/160: loss=2.865785e-03, drift=6.674478e-02
epoch 143/160: loss=2.847759e-03, drift=6.707424e-02
epoch 144/160: loss=2.827650e-03, drift=6.663955e-02
epoch 145/160: loss=2.946354e-03, drift=6.841773e-02
epoch 146/160: loss=3.053700e-03, drift=6.970913e-02
epoch 147/160: loss=2.939682e-03, drift=6.778421e-02
epoch 148/160: loss=2.799758e-03, drift=6.634878e-02
epoch 149/160: loss=2.937977e-03, drift=6.785264e-02
epoch 150/160: loss=2.911329e-03, drift=6.761758e-02
epoch 151/160: loss=3.129703e-03, drift=6.951243e-02
epoch 152/160: loss=3.033603e-03, drift=6.904475e-02
epoch 153/160: loss=3.001943e-03, drift=6.848453e-02
epoch 154/160: loss=2.871289e-03, drift=6.731269e-02
epoch 155/160: loss=2.916047e-03, drift=6.716664e-02
epoch 156/160: loss=2.911328e-03, drift=6.746638e-02
epoch 157/160: loss=2.719021e-03, drift=6.537531e-02
epoch 158/160: loss=2.912068e-03, drift=6.740667e-02
epoch 159/160: loss=2.832812e-03, drift=6.671464e-02
epoch 160/160: loss=2.772275e-03, drift=6.633983e-02
{
  "checkpoint": "/home/entropy/GitHub/conditional_drifting_models/weights/channel_implants/optfib/optfib2_drifting_direct_none_euclidean_cond0_targ1_cbwauto_tbwauto_k32_radauto_mix0p5_raw_ac0_at0_ak16_emb0_seed7.pt",
  "summary": "/home/entropy/GitHub/conditional_drifting_models/weights/channel_implants/optfib/optfib2_drifting_direct_none_euclidean_cond0_targ1_cbwauto_tbwauto_k32_radauto_mix0p5_raw_ac0_at0_ak16_emb0_seed7.json"
}
epoch 1/160: loss=3.644034e-03, drift=7.546427e-02
epoch 2/160: loss=3.393442e-03, drift=7.260367e-02
epoch 3/160: loss=2.975243e-03, drift=6.843762e-02
epoch 4/160: loss=3.271519e-03, drift=7.169095e-02
epoch 5/160: loss=3.037266e-03, drift=6.898509e-02
epoch 6/160: loss=3.291462e-03, drift=7.197121e-02
epoch 7/160: loss=3.034351e-03, drift=6.871432e-02
epoch 8/160: loss=3.177426e-03, drift=7.053087e-02
epoch 9/160: loss=3.013031e-03, drift=6.910727e-02
epoch 10/160: loss=3.249212e-03, drift=7.107675e-02
epoch 11/160: loss=3.256588e-03, drift=7.105385e-02
epoch 12/160: loss=3.192118e-03, drift=7.055831e-02
epoch 13/160: loss=2.928175e-03, drift=6.746490e-02
epoch 14/160: loss=3.155287e-03, drift=7.086893e-02
epoch 15/160: loss=3.102955e-03, drift=7.016004e-02
epoch 16/160: loss=3.049821e-03, drift=6.888461e-02
epoch 17/160: loss=3.195013e-03, drift=7.075206e-02
epoch 18/160: loss=3.187738e-03, drift=7.109354e-02
epoch 19/160: loss=3.304370e-03, drift=7.193093e-02
epoch 20/160: loss=3.157441e-03, drift=7.003916e-02
epoch 21/160: loss=3.030917e-03, drift=6.872263e-02
epoch 22/160: loss=3.047406e-03, drift=6.894827e-02
epoch 23/160: loss=3.285274e-03, drift=7.181537e-02
epoch 24/160: loss=3.027573e-03, drift=6.926024e-02
epoch 25/160: loss=3.209078e-03, drift=7.091536e-02
epoch 26/160: loss=2.990888e-03, drift=6.788094e-02
epoch 27/160: loss=3.063889e-03, drift=6.908227e-02
epoch 28/160: loss=2.961859e-03, drift=6.759780e-02
epoch 29/160: loss=2.949738e-03, drift=6.865809e-02
epoch 30/160: loss=2.996507e-03, drift=6.867330e-02
epoch 31/160: loss=3.098787e-03, drift=7.015142e-02
epoch 32/160: loss=3.128917e-03, drift=7.032381e-02
epoch 33/160: loss=3.177142e-03, drift=7.051312e-02
epoch 34/160: loss=2.916548e-03, drift=6.768442e-02
epoch 35/160: loss=2.828762e-03, drift=6.580003e-02
epoch 36/160: loss=2.899058e-03, drift=6.719702e-02
epoch 37/160: loss=2.793743e-03, drift=6.671320e-02
epoch 38/160: loss=3.144232e-03, drift=7.079257e-02
epoch 39/160: loss=3.250266e-03, drift=7.104648e-02
epoch 40/160: loss=2.971584e-03, drift=6.860863e-02
epoch 41/160: loss=3.056818e-03, drift=6.930243e-02
epoch 42/160: loss=3.083157e-03, drift=6.927197e-02
epoch 43/160: loss=2.872052e-03, drift=6.656285e-02
epoch 44/160: loss=3.169252e-03, drift=7.037007e-02
epoch 45/160: loss=3.073738e-03, drift=7.028563e-02
epoch 46/160: loss=2.818519e-03, drift=6.647260e-02
epoch 47/160: loss=3.126742e-03, drift=7.076207e-02
epoch 48/160: loss=3.023667e-03, drift=6.870398e-02
epoch 49/160: loss=3.249838e-03, drift=7.156884e-02
epoch 50/160: loss=3.110088e-03, drift=7.016728e-02
epoch 51/160: loss=2.933797e-03, drift=6.746133e-02
epoch 52/160: loss=3.021715e-03, drift=6.911868e-02
epoch 53/160: loss=2.880081e-03, drift=6.722450e-02
epoch 54/160: loss=2.933518e-03, drift=6.797793e-02
epoch 55/160: loss=2.983512e-03, drift=6.724027e-02
epoch 56/160: loss=2.877590e-03, drift=6.751284e-02
epoch 57/160: loss=2.974133e-03, drift=6.800251e-02
epoch 58/160: loss=2.950640e-03, drift=6.815482e-02
epoch 59/160: loss=2.940004e-03, drift=6.861002e-02
epoch 60/160: loss=2.886244e-03, drift=6.655955e-02
epoch 61/160: loss=3.000623e-03, drift=6.864345e-02
epoch 62/160: loss=2.899855e-03, drift=6.721925e-02
epoch 63/160: loss=2.921693e-03, drift=6.774158e-02
epoch 64/160: loss=2.951635e-03, drift=6.778513e-02
epoch 65/160: loss=2.782255e-03, drift=6.576415e-02
epoch 66/160: loss=3.108668e-03, drift=6.978402e-02
epoch 67/160: loss=3.193581e-03, drift=6.995051e-02
epoch 68/160: loss=3.215725e-03, drift=7.146097e-02
epoch 69/160: loss=2.943928e-03, drift=6.772948e-02
epoch 70/160: loss=2.988656e-03, drift=6.866587e-02
epoch 71/160: loss=2.892073e-03, drift=6.709467e-02
epoch 72/160: loss=2.966069e-03, drift=6.810624e-02
epoch 73/160: loss=2.862920e-03, drift=6.698309e-02
epoch 74/160: loss=3.027394e-03, drift=6.836902e-02
epoch 75/160: loss=3.009037e-03, drift=6.876041e-02
epoch 76/160: loss=3.100071e-03, drift=6.968492e-02
epoch 77/160: loss=3.012028e-03, drift=6.907309e-02
epoch 78/160: loss=3.126685e-03, drift=6.957516e-02
epoch 79/160: loss=2.948008e-03, drift=6.786841e-02
epoch 80/160: loss=3.074898e-03, drift=6.954748e-02
epoch 81/160: loss=2.860794e-03, drift=6.674098e-02
epoch 82/160: loss=2.868083e-03, drift=6.717231e-02
epoch 83/160: loss=2.898778e-03, drift=6.696851e-02
epoch 84/160: loss=2.839712e-03, drift=6.672248e-02
epoch 85/160: loss=2.833473e-03, drift=6.676317e-02
epoch 86/160: loss=2.928589e-03, drift=6.800685e-02
epoch 87/160: loss=2.955793e-03, drift=6.822183e-02
epoch 88/160: loss=2.876445e-03, drift=6.704714e-02
epoch 89/160: loss=2.937315e-03, drift=6.784360e-02
epoch 90/160: loss=2.845679e-03, drift=6.707764e-02
epoch 91/160: loss=2.940821e-03, drift=6.750358e-02
epoch 92/160: loss=3.094224e-03, drift=7.003057e-02
epoch 93/160: loss=3.023672e-03, drift=6.821418e-02
epoch 94/160: loss=2.854148e-03, drift=6.673434e-02
epoch 95/160: loss=2.984110e-03, drift=6.792250e-02
epoch 96/160: loss=2.979741e-03, drift=6.753177e-02
epoch 97/160: loss=3.180012e-03, drift=7.078538e-02
epoch 98/160: loss=2.951950e-03, drift=6.792807e-02
epoch 99/160: loss=2.957823e-03, drift=6.788335e-02
epoch 100/160: loss=2.975223e-03, drift=6.783995e-02
epoch 101/160: loss=2.832036e-03, drift=6.615367e-02
epoch 102/160: loss=3.120694e-03, drift=7.009269e-02
epoch 103/160: loss=2.682860e-03, drift=6.495880e-02
epoch 104/160: loss=2.938910e-03, drift=6.821420e-02
epoch 105/160: loss=3.093122e-03, drift=6.987035e-02
epoch 106/160: loss=3.063484e-03, drift=6.968552e-02
epoch 107/160: loss=3.084343e-03, drift=6.975128e-02
epoch 108/160: loss=2.909062e-03, drift=6.715500e-02
epoch 109/160: loss=3.209622e-03, drift=7.054936e-02
epoch 110/160: loss=2.863208e-03, drift=6.676408e-02
epoch 111/160: loss=3.019849e-03, drift=6.846985e-02
epoch 112/160: loss=2.849028e-03, drift=6.637499e-02
epoch 113/160: loss=2.899736e-03, drift=6.712500e-02
epoch 114/160: loss=2.802799e-03, drift=6.571045e-02
epoch 115/160: loss=2.941203e-03, drift=6.765372e-02
epoch 116/160: loss=2.756056e-03, drift=6.518669e-02
epoch 117/160: loss=2.892923e-03, drift=6.713614e-02
epoch 118/160: loss=2.883531e-03, drift=6.619705e-02
epoch 119/160: loss=2.891854e-03, drift=6.748637e-02
epoch 120/160: loss=2.935528e-03, drift=6.810507e-02
epoch 121/160: loss=3.001698e-03, drift=6.871048e-02
epoch 122/160: loss=3.045798e-03, drift=6.876995e-02
epoch 123/160: loss=2.905430e-03, drift=6.765271e-02
epoch 124/160: loss=2.805811e-03, drift=6.600609e-02
epoch 125/160: loss=2.924505e-03, drift=6.778024e-02
epoch 126/160: loss=2.934111e-03, drift=6.772682e-02
epoch 127/160: loss=2.976848e-03, drift=6.834795e-02
epoch 128/160: loss=2.853472e-03, drift=6.695717e-02
epoch 129/160: loss=2.856705e-03, drift=6.682241e-02
epoch 130/160: loss=2.840688e-03, drift=6.717153e-02
epoch 131/160: loss=3.055717e-03, drift=6.928704e-02
epoch 132/160: loss=3.030887e-03, drift=6.886266e-02
epoch 133/160: loss=2.986655e-03, drift=6.794833e-02
epoch 134/160: loss=2.872827e-03, drift=6.654826e-02
epoch 135/160: loss=3.015352e-03, drift=6.850377e-02
epoch 136/160: loss=2.985399e-03, drift=6.841767e-02
epoch 137/160: loss=2.899493e-03, drift=6.699640e-02
epoch 138/160: loss=2.774457e-03, drift=6.557756e-02
epoch 139/160: loss=2.828912e-03, drift=6.648063e-02
epoch 140/160: loss=3.021438e-03, drift=6.867360e-02
epoch 141/160: loss=3.015209e-03, drift=6.876271e-02
epoch 142/160: loss=2.948463e-03, drift=6.727254e-02
epoch 143/160: loss=2.977341e-03, drift=6.904146e-02
epoch 144/160: loss=2.987909e-03, drift=6.761966e-02
epoch 145/160: loss=2.852184e-03, drift=6.622377e-02
epoch 146/160: loss=2.874129e-03, drift=6.706756e-02
epoch 147/160: loss=2.958623e-03, drift=6.790507e-02
epoch 148/160: loss=2.860413e-03, drift=6.680112e-02
epoch 149/160: loss=2.942176e-03, drift=6.764146e-02
epoch 150/160: loss=2.963415e-03, drift=6.780354e-02
epoch 151/160: loss=3.305468e-03, drift=7.141776e-02
epoch 152/160: loss=3.015563e-03, drift=6.844491e-02
epoch 153/160: loss=2.923263e-03, drift=6.762833e-02
epoch 154/160: loss=3.027224e-03, drift=6.904121e-02
epoch 155/160: loss=2.931550e-03, drift=6.815760e-02
epoch 156/160: loss=3.235436e-03, drift=7.113731e-02
epoch 157/160: loss=2.953803e-03, drift=6.717919e-02
epoch 158/160: loss=2.825517e-03, drift=6.623292e-02
epoch 159/160: loss=2.746852e-03, drift=6.565043e-02
epoch 160/160: loss=2.962910e-03, drift=6.777692e-02
{
  "checkpoint": "/home/entropy/GitHub/conditional_drifting_models/weights/channel_implants/optfib/optfib2_drifting_direct_joint_euclidean_cond0p5_targ1_cbwauto_tbwauto_k32_radauto_mix0p5_raw_ac0_at0_ak16_emb0_seed7.pt",
  "summary": "/home/entropy/GitHub/conditional_drifting_models/weights/channel_implants/optfib/optfib2_drifting_direct_joint_euclidean_cond0p5_targ1_cbwauto_tbwauto_k32_radauto_mix0p5_raw_ac0_at0_ak16_emb0_seed7.json"
}
epoch 1/160: loss=3.192924e-03, drift=7.002500e-02
epoch 2/160: loss=3.000074e-03, drift=6.771150e-02
epoch 3/160: loss=2.813041e-03, drift=6.556757e-02
epoch 4/160: loss=3.169724e-03, drift=6.927160e-02
epoch 5/160: loss=3.347127e-03, drift=6.981823e-02
epoch 6/160: loss=3.817413e-03, drift=7.335279e-02
epoch 7/160: loss=3.736331e-03, drift=7.135904e-02
epoch 8/160: loss=3.742558e-03, drift=7.177035e-02
epoch 9/160: loss=3.740295e-03, drift=7.284105e-02
epoch 10/160: loss=3.804736e-03, drift=7.299005e-02
epoch 11/160: loss=3.835288e-03, drift=7.321527e-02
epoch 12/160: loss=3.721172e-03, drift=7.204199e-02
epoch 13/160: loss=3.528538e-03, drift=7.039935e-02
epoch 14/160: loss=3.729554e-03, drift=7.272579e-02
epoch 15/160: loss=3.632418e-03, drift=7.189946e-02
epoch 16/160: loss=3.586339e-03, drift=7.054909e-02
epoch 17/160: loss=3.657405e-03, drift=7.182717e-02
epoch 18/160: loss=3.850259e-03, drift=7.424006e-02
epoch 19/160: loss=3.804451e-03, drift=7.367237e-02
epoch 20/160: loss=3.599230e-03, drift=7.127885e-02
epoch 21/160: loss=3.651204e-03, drift=7.183727e-02
epoch 22/160: loss=3.709135e-03, drift=7.237815e-02
epoch 23/160: loss=3.672083e-03, drift=7.245733e-02
epoch 24/160: loss=3.517103e-03, drift=7.096333e-02
epoch 25/160: loss=3.723213e-03, drift=7.295245e-02
epoch 26/160: loss=3.553877e-03, drift=7.104592e-02
epoch 27/160: loss=3.522568e-03, drift=7.078369e-02
epoch 28/160: loss=3.482565e-03, drift=6.997461e-02
epoch 29/160: loss=3.463602e-03, drift=7.045610e-02
epoch 30/160: loss=3.505330e-03, drift=7.058971e-02
epoch 31/160: loss=3.584134e-03, drift=7.149587e-02
epoch 32/160: loss=3.675128e-03, drift=7.264897e-02
epoch 33/160: loss=3.577565e-03, drift=7.094039e-02
epoch 34/160: loss=3.450072e-03, drift=6.950463e-02
epoch 35/160: loss=3.483178e-03, drift=7.007118e-02
epoch 36/160: loss=3.520363e-03, drift=7.121681e-02
epoch 37/160: loss=3.367313e-03, drift=6.945775e-02
epoch 38/160: loss=3.648099e-03, drift=7.295770e-02
epoch 39/160: loss=3.667620e-03, drift=7.258324e-02
epoch 40/160: loss=3.560951e-03, drift=7.172237e-02
epoch 41/160: loss=3.467492e-03, drift=7.055757e-02
epoch 42/160: loss=3.526972e-03, drift=7.141342e-02
epoch 43/160: loss=3.529603e-03, drift=7.095596e-02
epoch 44/160: loss=3.606921e-03, drift=7.219773e-02
epoch 45/160: loss=3.456310e-03, drift=7.068166e-02
epoch 46/160: loss=3.336526e-03, drift=6.927593e-02
epoch 47/160: loss=3.499040e-03, drift=7.146564e-02
epoch 48/160: loss=3.488401e-03, drift=7.088441e-02
epoch 49/160: loss=3.739811e-03, drift=7.373628e-02
epoch 50/160: loss=3.533569e-03, drift=7.101131e-02
epoch 51/160: loss=3.477052e-03, drift=7.051445e-02
epoch 52/160: loss=3.371315e-03, drift=7.003396e-02
epoch 53/160: loss=3.333634e-03, drift=6.930496e-02
epoch 54/160: loss=3.290656e-03, drift=6.886767e-02
epoch 55/160: loss=3.422500e-03, drift=6.968727e-02
epoch 56/160: loss=3.560285e-03, drift=7.124966e-02
epoch 57/160: loss=3.526645e-03, drift=7.106201e-02
epoch 58/160: loss=3.348558e-03, drift=6.969850e-02
epoch 59/160: loss=3.514262e-03, drift=7.138694e-02
epoch 60/160: loss=3.423132e-03, drift=7.028679e-02
epoch 61/160: loss=3.430379e-03, drift=7.017070e-02
epoch 62/160: loss=3.387246e-03, drift=7.004283e-02
epoch 63/160: loss=3.554639e-03, drift=7.160887e-02
epoch 64/160: loss=3.391138e-03, drift=6.926677e-02
epoch 65/160: loss=3.186764e-03, drift=6.761286e-02
epoch 66/160: loss=3.627191e-03, drift=7.271873e-02
epoch 67/160: loss=3.553633e-03, drift=7.201125e-02
epoch 68/160: loss=3.579136e-03, drift=7.230728e-02
epoch 69/160: loss=3.438527e-03, drift=7.061756e-02
epoch 70/160: loss=3.526567e-03, drift=7.155460e-02
epoch 71/160: loss=3.414130e-03, drift=6.991852e-02
epoch 72/160: loss=3.509098e-03, drift=7.088600e-02
epoch 73/160: loss=3.319225e-03, drift=6.950613e-02
epoch 74/160: loss=3.531289e-03, drift=7.107400e-02
epoch 75/160: loss=3.385480e-03, drift=6.949416e-02
epoch 76/160: loss=3.563656e-03, drift=7.211460e-02
epoch 77/160: loss=3.475611e-03, drift=7.107322e-02
epoch 78/160: loss=3.417266e-03, drift=6.998632e-02
epoch 79/160: loss=3.441001e-03, drift=7.056188e-02
epoch 80/160: loss=3.524600e-03, drift=7.216869e-02
epoch 81/160: loss=3.302720e-03, drift=6.894622e-02
epoch 82/160: loss=3.245177e-03, drift=6.823379e-02
epoch 83/160: loss=3.507980e-03, drift=7.139823e-02
epoch 84/160: loss=3.439616e-03, drift=7.036973e-02
epoch 85/160: loss=3.371810e-03, drift=6.980125e-02
epoch 86/160: loss=3.444686e-03, drift=7.072118e-02
epoch 87/160: loss=3.409521e-03, drift=7.047234e-02
epoch 88/160: loss=3.450157e-03, drift=7.072544e-02
epoch 89/160: loss=3.371814e-03, drift=7.035897e-02
epoch 90/160: loss=3.439613e-03, drift=7.027550e-02
epoch 91/160: loss=3.469405e-03, drift=7.116606e-02
epoch 92/160: loss=3.520578e-03, drift=7.186413e-02
epoch 93/160: loss=3.400312e-03, drift=6.964134e-02
epoch 94/160: loss=3.347103e-03, drift=6.993111e-02
epoch 95/160: loss=3.497839e-03, drift=7.129055e-02
epoch 96/160: loss=3.412362e-03, drift=6.986794e-02
epoch 97/160: loss=3.581810e-03, drift=7.201241e-02
epoch 98/160: loss=3.470490e-03, drift=7.094235e-02
epoch 99/160: loss=3.406052e-03, drift=7.025836e-02
epoch 100/160: loss=3.282154e-03, drift=6.924308e-02
epoch 101/160: loss=3.370989e-03, drift=6.987170e-02
epoch 102/160: loss=3.523529e-03, drift=7.169441e-02
epoch 103/160: loss=3.312117e-03, drift=6.929106e-02
epoch 104/160: loss=3.416315e-03, drift=7.062388e-02
epoch 105/160: loss=3.529201e-03, drift=7.200570e-02
epoch 106/160: loss=3.497603e-03, drift=7.145001e-02
epoch 107/160: loss=3.474952e-03, drift=7.114171e-02
epoch 108/160: loss=3.467301e-03, drift=7.111000e-02
epoch 109/160: loss=3.704215e-03, drift=7.358397e-02
epoch 110/160: loss=3.279307e-03, drift=6.886085e-02
epoch 111/160: loss=3.549587e-03, drift=7.183092e-02
epoch 112/160: loss=3.271856e-03, drift=6.857982e-02
epoch 113/160: loss=3.315413e-03, drift=6.948488e-02
epoch 114/160: loss=3.370114e-03, drift=7.005252e-02
epoch 115/160: loss=3.519029e-03, drift=7.153232e-02
epoch 116/160: loss=3.243415e-03, drift=6.808739e-02
epoch 117/160: loss=3.294452e-03, drift=6.898407e-02
epoch 118/160: loss=3.487265e-03, drift=7.072341e-02
epoch 119/160: loss=3.364590e-03, drift=7.005114e-02
epoch 120/160: loss=3.382488e-03, drift=6.978965e-02
epoch 121/160: loss=3.429664e-03, drift=7.063480e-02
epoch 122/160: loss=3.399234e-03, drift=7.036545e-02
epoch 123/160: loss=3.428044e-03, drift=7.067245e-02
epoch 124/160: loss=3.377290e-03, drift=6.986099e-02
epoch 125/160: loss=3.413997e-03, drift=7.016312e-02
epoch 126/160: loss=3.425260e-03, drift=7.052304e-02
epoch 127/160: loss=3.374777e-03, drift=7.016895e-02
epoch 128/160: loss=3.339179e-03, drift=6.909431e-02
epoch 129/160: loss=3.300452e-03, drift=6.958952e-02
epoch 130/160: loss=3.475522e-03, drift=7.060828e-02
epoch 131/160: loss=3.371202e-03, drift=7.030452e-02
epoch 132/160: loss=3.477066e-03, drift=7.061925e-02
epoch 133/160: loss=3.410582e-03, drift=7.035075e-02
epoch 134/160: loss=3.519039e-03, drift=7.167651e-02
epoch 135/160: loss=3.441998e-03, drift=7.099845e-02
epoch 136/160: loss=3.410342e-03, drift=7.009286e-02
epoch 137/160: loss=3.402898e-03, drift=7.003485e-02
epoch 138/160: loss=3.261846e-03, drift=6.890893e-02
epoch 139/160: loss=3.249978e-03, drift=6.886817e-02
epoch 140/160: loss=3.507400e-03, drift=7.134787e-02
epoch 141/160: loss=3.490101e-03, drift=7.134988e-02
epoch 142/160: loss=3.410996e-03, drift=7.001261e-02
epoch 143/160: loss=3.312264e-03, drift=6.940050e-02
epoch 144/160: loss=3.335738e-03, drift=6.939831e-02
epoch 145/160: loss=3.368385e-03, drift=6.977534e-02
epoch 146/160: loss=3.259594e-03, drift=6.858237e-02
epoch 147/160: loss=3.468715e-03, drift=7.106622e-02
epoch 148/160: loss=3.294443e-03, drift=6.901950e-02
epoch 149/160: loss=3.403005e-03, drift=7.018414e-02
epoch 150/160: loss=3.429076e-03, drift=7.047251e-02
epoch 151/160: loss=3.659835e-03, drift=7.303344e-02
epoch 152/160: loss=3.420035e-03, drift=7.046262e-02
epoch 153/160: loss=3.478384e-03, drift=7.097516e-02
epoch 154/160: loss=3.492695e-03, drift=7.111963e-02
epoch 155/160: loss=3.461822e-03, drift=7.121612e-02
epoch 156/160: loss=3.656494e-03, drift=7.340604e-02
epoch 157/160: loss=3.472086e-03, drift=7.065845e-02
epoch 158/160: loss=3.410012e-03, drift=7.025302e-02
epoch 159/160: loss=3.308203e-03, drift=6.917516e-02
epoch 160/160: loss=3.308332e-03, drift=6.919514e-02
{
  "checkpoint": "/home/entropy/GitHub/conditional_drifting_models/weights/channel_implants/optfib/optfib2_drifting_direct_product_euclidean_cond0p5_targ1_cbwauto_tbwauto_k32_radauto_mix0p5_raw_ac0_at0_ak16_emb0_seed7.pt",
  "summary": "/home/entropy/GitHub/conditional_drifting_models/weights/channel_implants/optfib/optfib2_drifting_direct_product_euclidean_cond0p5_targ1_cbwauto_tbwauto_k32_radauto_mix0p5_raw_ac0_at0_ak16_emb0_seed7.json"
}
epoch 1/160: loss=3.223628e-03, drift=7.099672e-02
epoch 2/160: loss=3.020243e-03, drift=6.845163e-02
epoch 3/160: loss=2.674901e-03, drift=6.481205e-02
epoch 4/160: loss=2.923681e-03, drift=6.749017e-02
epoch 5/160: loss=2.756529e-03, drift=6.565419e-02
epoch 6/160: loss=3.013435e-03, drift=6.871779e-02
epoch 7/160: loss=2.862539e-03, drift=6.637942e-02
epoch 8/160: loss=2.942679e-03, drift=6.723445e-02
epoch 9/160: loss=2.926650e-03, drift=6.759238e-02
epoch 10/160: loss=3.113397e-03, drift=6.906499e-02
epoch 11/160: loss=3.096443e-03, drift=6.854822e-02
epoch 12/160: loss=3.037800e-03, drift=6.829361e-02
epoch 13/160: loss=2.827581e-03, drift=6.616873e-02
epoch 14/160: loss=3.063844e-03, drift=6.924343e-02
epoch 15/160: loss=2.989974e-03, drift=6.821944e-02
epoch 16/160: loss=2.910242e-03, drift=6.655988e-02
epoch 17/160: loss=3.064801e-03, drift=6.849247e-02
epoch 18/160: loss=3.114239e-03, drift=6.954979e-02
epoch 19/160: loss=3.167422e-03, drift=7.013684e-02
epoch 20/160: loss=3.032566e-03, drift=6.803812e-02
epoch 21/160: loss=2.958268e-03, drift=6.734188e-02
epoch 22/160: loss=2.985579e-03, drift=6.772671e-02
epoch 23/160: loss=3.067364e-03, drift=6.874416e-02
epoch 24/160: loss=2.923740e-03, drift=6.760351e-02
epoch 25/160: loss=3.113341e-03, drift=6.965965e-02
epoch 26/160: loss=2.941704e-03, drift=6.738523e-02
epoch 27/160: loss=2.967345e-03, drift=6.753483e-02
epoch 28/160: loss=2.849195e-03, drift=6.577551e-02
epoch 29/160: loss=2.862053e-03, drift=6.692985e-02
epoch 30/160: loss=2.911321e-03, drift=6.723636e-02
epoch 31/160: loss=2.912524e-03, drift=6.720579e-02
epoch 32/160: loss=3.068479e-03, drift=6.873067e-02
epoch 33/160: loss=3.001514e-03, drift=6.763795e-02
epoch 34/160: loss=2.781621e-03, drift=6.517808e-02
epoch 35/160: loss=2.756315e-03, drift=6.465600e-02
epoch 36/160: loss=2.884621e-03, drift=6.684473e-02
epoch 37/160: loss=2.767241e-03, drift=6.595328e-02
epoch 38/160: loss=3.014605e-03, drift=6.876479e-02
epoch 39/160: loss=3.122878e-03, drift=6.935288e-02
epoch 40/160: loss=2.934262e-03, drift=6.745111e-02
epoch 41/160: loss=2.955956e-03, drift=6.731641e-02
epoch 42/160: loss=2.903896e-03, drift=6.717612e-02
epoch 43/160: loss=2.847491e-03, drift=6.642992e-02
epoch 44/160: loss=3.022986e-03, drift=6.868680e-02
epoch 45/160: loss=2.926178e-03, drift=6.741445e-02
epoch 46/160: loss=2.702060e-03, drift=6.470633e-02
epoch 47/160: loss=2.957368e-03, drift=6.853761e-02
epoch 48/160: loss=2.866562e-03, drift=6.647039e-02
epoch 49/160: loss=3.150473e-03, drift=7.015096e-02
epoch 50/160: loss=2.940429e-03, drift=6.750376e-02
epoch 51/160: loss=2.852520e-03, drift=6.622724e-02
epoch 52/160: loss=2.847271e-03, drift=6.663863e-02
epoch 53/160: loss=2.736240e-03, drift=6.515410e-02
epoch 54/160: loss=2.748356e-03, drift=6.551327e-02
epoch 55/160: loss=2.812293e-03, drift=6.568189e-02
epoch 56/160: loss=2.887720e-03, drift=6.701184e-02
epoch 57/160: loss=2.815354e-03, drift=6.586234e-02
epoch 58/160: loss=2.830579e-03, drift=6.633904e-02
epoch 59/160: loss=2.896120e-03, drift=6.732958e-02
epoch 60/160: loss=2.791741e-03, drift=6.552869e-02
epoch 61/160: loss=2.806454e-03, drift=6.583613e-02
epoch 62/160: loss=2.799640e-03, drift=6.573309e-02
epoch 63/160: loss=2.913075e-03, drift=6.720739e-02
epoch 64/160: loss=2.806209e-03, drift=6.514878e-02
epoch 65/160: loss=2.622281e-03, drift=6.364763e-02
epoch 66/160: loss=2.995961e-03, drift=6.835331e-02
epoch 67/160: loss=3.029594e-03, drift=6.822767e-02
epoch 68/160: loss=3.028027e-03, drift=6.907467e-02
epoch 69/160: loss=2.809659e-03, drift=6.613813e-02
epoch 70/160: loss=2.868774e-03, drift=6.677709e-02
epoch 71/160: loss=2.800863e-03, drift=6.567100e-02
epoch 72/160: loss=2.881329e-03, drift=6.669861e-02
epoch 73/160: loss=2.675853e-03, drift=6.459475e-02
epoch 74/160: loss=2.936672e-03, drift=6.708620e-02
epoch 75/160: loss=2.817675e-03, drift=6.609817e-02
epoch 76/160: loss=2.996125e-03, drift=6.831430e-02
epoch 77/160: loss=2.880643e-03, drift=6.678979e-02
epoch 78/160: loss=2.845467e-03, drift=6.585069e-02
epoch 79/160: loss=2.816606e-03, drift=6.560817e-02
epoch 80/160: loss=2.984003e-03, drift=6.855841e-02
epoch 81/160: loss=2.680464e-03, drift=6.439199e-02
epoch 82/160: loss=2.676894e-03, drift=6.457107e-02
epoch 83/160: loss=2.831423e-03, drift=6.583348e-02
epoch 84/160: loss=2.772270e-03, drift=6.555199e-02
epoch 85/160: loss=2.727767e-03, drift=6.491999e-02
epoch 86/160: loss=2.861491e-03, drift=6.669957e-02
epoch 87/160: loss=2.797428e-03, drift=6.611622e-02
epoch 88/160: loss=2.812068e-03, drift=6.618706e-02
epoch 89/160: loss=2.824274e-03, drift=6.640850e-02
epoch 90/160: loss=2.763203e-03, drift=6.544168e-02
epoch 91/160: loss=2.838339e-03, drift=6.669834e-02
epoch 92/160: loss=2.920918e-03, drift=6.810468e-02
epoch 93/160: loss=2.788486e-03, drift=6.554294e-02
epoch 94/160: loss=2.653849e-03, drift=6.425817e-02
epoch 95/160: loss=2.888839e-03, drift=6.718053e-02
epoch 96/160: loss=2.812560e-03, drift=6.561788e-02
epoch 97/160: loss=3.044186e-03, drift=6.879999e-02
epoch 98/160: loss=2.883821e-03, drift=6.694584e-02
epoch 99/160: loss=2.813778e-03, drift=6.628051e-02
epoch 100/160: loss=2.724750e-03, drift=6.531780e-02
epoch 101/160: loss=2.745247e-03, drift=6.500996e-02
epoch 102/160: loss=2.976206e-03, drift=6.825900e-02
epoch 103/160: loss=2.652515e-03, drift=6.444753e-02
epoch 104/160: loss=2.826605e-03, drift=6.617828e-02
epoch 105/160: loss=2.997062e-03, drift=6.886416e-02
epoch 106/160: loss=2.864228e-03, drift=6.703293e-02
epoch 107/160: loss=2.876600e-03, drift=6.698256e-02
epoch 108/160: loss=2.861767e-03, drift=6.663096e-02
epoch 109/160: loss=3.153457e-03, drift=7.013534e-02
epoch 110/160: loss=2.669379e-03, drift=6.419935e-02
epoch 111/160: loss=2.971712e-03, drift=6.801904e-02
epoch 112/160: loss=2.628015e-03, drift=6.359727e-02
epoch 113/160: loss=2.757401e-03, drift=6.561152e-02
epoch 114/160: loss=2.742148e-03, drift=6.468074e-02
epoch 115/160: loss=2.872412e-03, drift=6.687092e-02
epoch 116/160: loss=2.642157e-03, drift=6.358864e-02
epoch 117/160: loss=2.716926e-03, drift=6.500187e-02
epoch 118/160: loss=2.805387e-03, drift=6.579595e-02
epoch 119/160: loss=2.730106e-03, drift=6.509145e-02
epoch 120/160: loss=2.774174e-03, drift=6.552367e-02
epoch 121/160: loss=2.907676e-03, drift=6.751897e-02
epoch 122/160: loss=2.875873e-03, drift=6.683088e-02
epoch 123/160: loss=2.854968e-03, drift=6.653938e-02
epoch 124/160: loss=2.738611e-03, drift=6.530531e-02
epoch 125/160: loss=2.841156e-03, drift=6.607163e-02
epoch 126/160: loss=2.896535e-03, drift=6.673831e-02
epoch 127/160: loss=2.799359e-03, drift=6.679911e-02
epoch 128/160: loss=2.762427e-03, drift=6.531816e-02
epoch 129/160: loss=2.812384e-03, drift=6.677121e-02
epoch 130/160: loss=2.810385e-03, drift=6.635388e-02
epoch 131/160: loss=2.789045e-03, drift=6.629991e-02
epoch 132/160: loss=2.840296e-03, drift=6.625203e-02
epoch 133/160: loss=2.799536e-03, drift=6.547923e-02
epoch 134/160: loss=2.863140e-03, drift=6.655549e-02
epoch 135/160: loss=2.949410e-03, drift=6.782090e-02
epoch 136/160: loss=2.741237e-03, drift=6.532284e-02
epoch 137/160: loss=2.748998e-03, drift=6.529830e-02
epoch 138/160: loss=2.684063e-03, drift=6.512301e-02
epoch 139/160: loss=2.640710e-03, drift=6.403870e-02
epoch 140/160: loss=2.896467e-03, drift=6.669190e-02
epoch 141/160: loss=2.803816e-03, drift=6.640535e-02
epoch 142/160: loss=2.830320e-03, drift=6.604195e-02
epoch 143/160: loss=2.826814e-03, drift=6.669808e-02
epoch 144/160: loss=2.741096e-03, drift=6.508378e-02
epoch 145/160: loss=2.685343e-03, drift=6.413285e-02
epoch 146/160: loss=2.716379e-03, drift=6.502538e-02
epoch 147/160: loss=2.917160e-03, drift=6.683813e-02
epoch 148/160: loss=2.682613e-03, drift=6.474817e-02
epoch 149/160: loss=2.908453e-03, drift=6.727760e-02
epoch 150/160: loss=2.834549e-03, drift=6.619548e-02
epoch 151/160: loss=3.090449e-03, drift=6.867624e-02
epoch 152/160: loss=2.837626e-03, drift=6.653833e-02
epoch 153/160: loss=2.927751e-03, drift=6.756569e-02
epoch 154/160: loss=2.901466e-03, drift=6.681396e-02
epoch 155/160: loss=2.843411e-03, drift=6.623851e-02
epoch 156/160: loss=3.102402e-03, drift=6.983672e-02
epoch 157/160: loss=2.864717e-03, drift=6.607523e-02
epoch 158/160: loss=2.805790e-03, drift=6.614798e-02
epoch 159/160: loss=2.670742e-03, drift=6.436748e-02
epoch 160/160: loss=2.718552e-03, drift=6.513938e-02
{
  "checkpoint": "/home/entropy/GitHub/conditional_drifting_models/weights/channel_implants/optfib/optfib2_drifting_direct_mixture_euclidean_cond0p5_targ1_cbwauto_tbwauto_k32_radauto_mix0p5_raw_ac0_at0_ak16_emb0_seed7.pt",
  "summary": "/home/entropy/GitHub/conditional_drifting_models/weights/channel_implants/optfib/optfib2_drifting_direct_mixture_euclidean_cond0p5_targ1_cbwauto_tbwauto_k32_radauto_mix0p5_raw_ac0_at0_ak16_emb0_seed7.json"
}
epoch 1/160: loss=3.873781e-03, drift=7.646753e-02
epoch 2/160: loss=3.648186e-03, drift=7.419744e-02
epoch 3/160: loss=3.523086e-03, drift=7.295676e-02
epoch 4/160: loss=3.717376e-03, drift=7.407215e-02
epoch 5/160: loss=3.894285e-03, drift=7.387301e-02
epoch 6/160: loss=4.237652e-03, drift=7.654341e-02
epoch 7/160: loss=4.069154e-03, drift=7.429121e-02
epoch 8/160: loss=4.045919e-03, drift=7.381275e-02
epoch 9/160: loss=3.885374e-03, drift=7.360851e-02
epoch 10/160: loss=4.047163e-03, drift=7.531741e-02
epoch 11/160: loss=4.162121e-03, drift=7.555792e-02
epoch 12/160: loss=3.946052e-03, drift=7.418377e-02
epoch 13/160: loss=3.947094e-03, drift=7.422370e-02
epoch 14/160: loss=4.043528e-03, drift=7.570340e-02
epoch 15/160: loss=3.822871e-03, drift=7.296522e-02
epoch 16/160: loss=3.820862e-03, drift=7.231464e-02
epoch 17/160: loss=3.810043e-03, drift=7.280189e-02
epoch 18/160: loss=4.064606e-03, drift=7.582098e-02
epoch 19/160: loss=4.066025e-03, drift=7.581847e-02
epoch 20/160: loss=3.833866e-03, drift=7.306122e-02
epoch 21/160: loss=3.845059e-03, drift=7.317713e-02
epoch 22/160: loss=3.885147e-03, drift=7.357537e-02
epoch 23/160: loss=3.880385e-03, drift=7.363946e-02
epoch 24/160: loss=3.934122e-03, drift=7.420740e-02
epoch 25/160: loss=3.913571e-03, drift=7.451475e-02
epoch 26/160: loss=3.721632e-03, drift=7.187508e-02
epoch 27/160: loss=3.913581e-03, drift=7.458971e-02
epoch 28/160: loss=3.643932e-03, drift=7.138748e-02
epoch 29/160: loss=3.753613e-03, drift=7.277338e-02
epoch 30/160: loss=3.830494e-03, drift=7.384994e-02
epoch 31/160: loss=3.813325e-03, drift=7.276159e-02
epoch 32/160: loss=3.970405e-03, drift=7.478104e-02
epoch 33/160: loss=3.852353e-03, drift=7.392367e-02
epoch 34/160: loss=3.749976e-03, drift=7.220063e-02
epoch 35/160: loss=3.883715e-03, drift=7.364119e-02
epoch 36/160: loss=3.817775e-03, drift=7.335764e-02
epoch 37/160: loss=3.857878e-03, drift=7.378120e-02
epoch 38/160: loss=3.893599e-03, drift=7.492170e-02
epoch 39/160: loss=3.792599e-03, drift=7.323445e-02
epoch 40/160: loss=3.805094e-03, drift=7.367739e-02
epoch 41/160: loss=3.848891e-03, drift=7.371585e-02
epoch 42/160: loss=3.733977e-03, drift=7.296674e-02
epoch 43/160: loss=3.669792e-03, drift=7.194985e-02
epoch 44/160: loss=3.782767e-03, drift=7.343934e-02
epoch 45/160: loss=3.817015e-03, drift=7.397945e-02
epoch 46/160: loss=3.570034e-03, drift=7.082701e-02
epoch 47/160: loss=3.948089e-03, drift=7.544284e-02
epoch 48/160: loss=3.819047e-03, drift=7.367916e-02
epoch 49/160: loss=4.075211e-03, drift=7.644646e-02
epoch 50/160: loss=3.838293e-03, drift=7.379335e-02
epoch 51/160: loss=3.793104e-03, drift=7.326021e-02
epoch 52/160: loss=3.638267e-03, drift=7.206625e-02
epoch 53/160: loss=3.611420e-03, drift=7.150349e-02
epoch 54/160: loss=3.663008e-03, drift=7.233491e-02
epoch 55/160: loss=3.783369e-03, drift=7.312659e-02
epoch 56/160: loss=3.742016e-03, drift=7.287639e-02
epoch 57/160: loss=3.740763e-03, drift=7.303114e-02
epoch 58/160: loss=3.699306e-03, drift=7.312780e-02
epoch 59/160: loss=3.842640e-03, drift=7.374661e-02
epoch 60/160: loss=3.575357e-03, drift=7.098178e-02
epoch 61/160: loss=3.861730e-03, drift=7.420110e-02
epoch 62/160: loss=3.773727e-03, drift=7.319015e-02
epoch 63/160: loss=3.775809e-03, drift=7.303924e-02
epoch 64/160: loss=3.703628e-03, drift=7.266417e-02
epoch 65/160: loss=3.521578e-03, drift=7.101849e-02
epoch 66/160: loss=3.898992e-03, drift=7.467758e-02
epoch 67/160: loss=3.866406e-03, drift=7.495780e-02
epoch 68/160: loss=3.816928e-03, drift=7.377567e-02
epoch 69/160: loss=3.655970e-03, drift=7.209568e-02
epoch 70/160: loss=3.688609e-03, drift=7.256373e-02
epoch 71/160: loss=3.697386e-03, drift=7.230337e-02
epoch 72/160: loss=3.849332e-03, drift=7.412111e-02
epoch 73/160: loss=3.614908e-03, drift=7.195456e-02
epoch 74/160: loss=3.745352e-03, drift=7.359411e-02
epoch 75/160: loss=3.767519e-03, drift=7.264679e-02
epoch 76/160: loss=3.847569e-03, drift=7.436065e-02
epoch 77/160: loss=3.721424e-03, drift=7.255809e-02
epoch 78/160: loss=3.825245e-03, drift=7.354981e-02
epoch 79/160: loss=3.630418e-03, drift=7.199269e-02
epoch 80/160: loss=3.727057e-03, drift=7.313350e-02
epoch 81/160: loss=3.687621e-03, drift=7.295239e-02
epoch 82/160: loss=3.564289e-03, drift=7.130430e-02
epoch 83/160: loss=3.581774e-03, drift=7.129581e-02
epoch 84/160: loss=3.763942e-03, drift=7.344759e-02
epoch 85/160: loss=3.685735e-03, drift=7.236575e-02
epoch 86/160: loss=3.772769e-03, drift=7.290028e-02
epoch 87/160: loss=3.686875e-03, drift=7.258917e-02
epoch 88/160: loss=3.664909e-03, drift=7.210327e-02
epoch 89/160: loss=3.623827e-03, drift=7.212042e-02
epoch 90/160: loss=3.517850e-03, drift=7.088767e-02
epoch 91/160: loss=3.647713e-03, drift=7.217567e-02
epoch 92/160: loss=3.814577e-03, drift=7.447355e-02
epoch 93/160: loss=3.767419e-03, drift=7.303548e-02
epoch 94/160: loss=3.720771e-03, drift=7.305340e-02
epoch 95/160: loss=3.803409e-03, drift=7.356144e-02
epoch 96/160: loss=3.699373e-03, drift=7.247485e-02
epoch 97/160: loss=3.703524e-03, drift=7.275326e-02
epoch 98/160: loss=3.713021e-03, drift=7.273822e-02
epoch 99/160: loss=3.668416e-03, drift=7.252436e-02
epoch 100/160: loss=3.665316e-03, drift=7.250609e-02
epoch 101/160: loss=3.609154e-03, drift=7.165574e-02
epoch 102/160: loss=3.657735e-03, drift=7.242178e-02
epoch 103/160: loss=3.626797e-03, drift=7.189499e-02
epoch 104/160: loss=3.685379e-03, drift=7.282349e-02
epoch 105/160: loss=3.775706e-03, drift=7.399065e-02
epoch 106/160: loss=3.739250e-03, drift=7.344011e-02
epoch 107/160: loss=3.706731e-03, drift=7.288175e-02
epoch 108/160: loss=3.921434e-03, drift=7.487820e-02
epoch 109/160: loss=3.964757e-03, drift=7.609376e-02
epoch 110/160: loss=3.565857e-03, drift=7.174212e-02
epoch 111/160: loss=3.851518e-03, drift=7.453032e-02
epoch 112/160: loss=3.560191e-03, drift=7.150759e-02
epoch 113/160: loss=3.686320e-03, drift=7.292189e-02
epoch 114/160: loss=3.523618e-03, drift=7.137961e-02
epoch 115/160: loss=3.716250e-03, drift=7.305113e-02
epoch 116/160: loss=3.514154e-03, drift=7.074480e-02
epoch 117/160: loss=3.539111e-03, drift=7.069074e-02
epoch 118/160: loss=3.748401e-03, drift=7.351881e-02
epoch 119/160: loss=3.573728e-03, drift=7.171206e-02
epoch 120/160: loss=3.660432e-03, drift=7.193851e-02
epoch 121/160: loss=3.742491e-03, drift=7.313156e-02
epoch 122/160: loss=3.651076e-03, drift=7.188065e-02
epoch 123/160: loss=3.804583e-03, drift=7.386042e-02
epoch 124/160: loss=3.473859e-03, drift=7.042949e-02
epoch 125/160: loss=3.748604e-03, drift=7.348175e-02
epoch 126/160: loss=3.758990e-03, drift=7.329947e-02
epoch 127/160: loss=3.638683e-03, drift=7.215998e-02
epoch 128/160: loss=3.587929e-03, drift=7.182182e-02
epoch 129/160: loss=3.719060e-03, drift=7.351550e-02
epoch 130/160: loss=3.568901e-03, drift=7.149732e-02
epoch 131/160: loss=3.636757e-03, drift=7.240946e-02
epoch 132/160: loss=3.724831e-03, drift=7.292080e-02
epoch 133/160: loss=3.657577e-03, drift=7.236174e-02
epoch 134/160: loss=3.609198e-03, drift=7.152473e-02
epoch 135/160: loss=3.809740e-03, drift=7.395235e-02
epoch 136/160: loss=3.629599e-03, drift=7.208803e-02
epoch 137/160: loss=3.695679e-03, drift=7.259876e-02
epoch 138/160: loss=3.629178e-03, drift=7.244637e-02
epoch 139/160: loss=3.608513e-03, drift=7.189694e-02
epoch 140/160: loss=3.633508e-03, drift=7.181263e-02
epoch 141/160: loss=3.792524e-03, drift=7.413056e-02
epoch 142/160: loss=3.517868e-03, drift=7.060516e-02
epoch 143/160: loss=3.638468e-03, drift=7.250488e-02
epoch 144/160: loss=3.557173e-03, drift=7.125342e-02
epoch 145/160: loss=3.659210e-03, drift=7.247793e-02
epoch 146/160: loss=3.476710e-03, drift=7.051419e-02
epoch 147/160: loss=3.763543e-03, drift=7.336751e-02
epoch 148/160: loss=3.606053e-03, drift=7.211432e-02
epoch 149/160: loss=3.946012e-03, drift=7.551215e-02
epoch 150/160: loss=3.659284e-03, drift=7.204856e-02
epoch 151/160: loss=3.864271e-03, drift=7.400216e-02
epoch 152/160: loss=3.753406e-03, drift=7.332605e-02
epoch 153/160: loss=3.693828e-03, drift=7.307990e-02
epoch 154/160: loss=3.783903e-03, drift=7.341815e-02
epoch 155/160: loss=3.685571e-03, drift=7.346266e-02
epoch 156/160: loss=3.894492e-03, drift=7.508499e-02
epoch 157/160: loss=3.785691e-03, drift=7.375480e-02
epoch 158/160: loss=3.604956e-03, drift=7.209721e-02
epoch 159/160: loss=3.630236e-03, drift=7.211836e-02
epoch 160/160: loss=3.603523e-03, drift=7.150310e-02
{
  "checkpoint": "/home/entropy/GitHub/conditional_drifting_models/weights/channel_implants/optfib/optfib2_drifting_direct_product_euclidean_cond0p5_targ1_cbwauto_tbwauto_k32_radauto_mix0p5_rawplusresidual_ac0_at0_ak16_emb0_seed7.pt",
  "summary": "/home/entropy/GitHub/conditional_drifting_models/weights/channel_implants/optfib/optfib2_drifting_direct_product_euclidean_cond0p5_targ1_cbwauto_tbwauto_k32_radauto_mix0p5_rawplusresidual_ac0_at0_ak16_emb0_seed7.json"
}
epoch 1/160: loss=5.087506e-02, drift=2.493742e-01
epoch 2/160: loss=4.917581e-02, drift=2.306976e-01
epoch 3/160: loss=4.801019e-02, drift=2.225819e-01
epoch 4/160: loss=4.689449e-02, drift=2.190044e-01
epoch 5/160: loss=4.603346e-02, drift=2.164325e-01
epoch 6/160: loss=4.556617e-02, drift=2.155810e-01
epoch 7/160: loss=4.555051e-02, drift=2.148418e-01
epoch 8/160: loss=4.474642e-02, drift=2.124953e-01
epoch 9/160: loss=4.467563e-02, drift=2.130521e-01
epoch 10/160: loss=4.442072e-02, drift=2.122793e-01
epoch 11/160: loss=4.489908e-02, drift=2.124430e-01
epoch 12/160: loss=4.518562e-02, drift=2.128480e-01
epoch 13/160: loss=4.440150e-02, drift=2.115577e-01
epoch 14/160: loss=4.418701e-02, drift=2.106549e-01
epoch 15/160: loss=4.468364e-02, drift=2.114068e-01
epoch 16/160: loss=4.422241e-02, drift=2.110531e-01
epoch 17/160: loss=4.454351e-02, drift=2.115111e-01
epoch 18/160: loss=4.437124e-02, drift=2.113819e-01
epoch 19/160: loss=4.447420e-02, drift=2.109844e-01
epoch 20/160: loss=4.432290e-02, drift=2.108647e-01
epoch 21/160: loss=4.441518e-02, drift=2.107231e-01
epoch 22/160: loss=4.435473e-02, drift=2.108403e-01
epoch 23/160: loss=4.403448e-02, drift=2.103204e-01
epoch 24/160: loss=4.427007e-02, drift=2.105701e-01
epoch 25/160: loss=4.412650e-02, drift=2.100366e-01
epoch 26/160: loss=4.462704e-02, drift=2.107657e-01
epoch 27/160: loss=4.447186e-02, drift=2.107496e-01
epoch 28/160: loss=4.458273e-02, drift=2.104113e-01
epoch 29/160: loss=4.438193e-02, drift=2.103168e-01
epoch 30/160: loss=4.426393e-02, drift=2.103155e-01
epoch 31/160: loss=4.405216e-02, drift=2.098613e-01
epoch 32/160: loss=4.410328e-02, drift=2.096230e-01
epoch 33/160: loss=4.416489e-02, drift=2.101997e-01
epoch 34/160: loss=4.445334e-02, drift=2.096616e-01
epoch 35/160: loss=4.418533e-02, drift=2.099859e-01
epoch 36/160: loss=4.451121e-02, drift=2.102109e-01
epoch 37/160: loss=4.424071e-02, drift=2.099084e-01
epoch 38/160: loss=4.492279e-02, drift=2.114182e-01
epoch 39/160: loss=4.467797e-02, drift=2.105760e-01
epoch 40/160: loss=4.451328e-02, drift=2.099230e-01
epoch 41/160: loss=4.390500e-02, drift=2.093267e-01
epoch 42/160: loss=4.447981e-02, drift=2.099930e-01
epoch 43/160: loss=4.467833e-02, drift=2.103402e-01
epoch 44/160: loss=4.432217e-02, drift=2.097665e-01
epoch 45/160: loss=4.451314e-02, drift=2.100970e-01
epoch 46/160: loss=4.478015e-02, drift=2.105225e-01
epoch 47/160: loss=4.469736e-02, drift=2.104111e-01
epoch 48/160: loss=4.481856e-02, drift=2.107482e-01
epoch 49/160: loss=4.403761e-02, drift=2.095302e-01
epoch 50/160: loss=4.454868e-02, drift=2.099336e-01
epoch 51/160: loss=4.437830e-02, drift=2.099267e-01
epoch 52/160: loss=4.468680e-02, drift=2.101740e-01
epoch 53/160: loss=4.463869e-02, drift=2.100874e-01
epoch 54/160: loss=4.446145e-02, drift=2.095205e-01
epoch 55/160: loss=4.406036e-02, drift=2.095624e-01
epoch 56/160: loss=4.419035e-02, drift=2.093838e-01
epoch 57/160: loss=4.497875e-02, drift=2.107649e-01
epoch 58/160: loss=4.452758e-02, drift=2.095156e-01
epoch 59/160: loss=4.442317e-02, drift=2.090540e-01
epoch 60/160: loss=4.428088e-02, drift=2.089487e-01
epoch 61/160: loss=4.475075e-02, drift=2.098726e-01
epoch 62/160: loss=4.436579e-02, drift=2.093319e-01
epoch 63/160: loss=4.478639e-02, drift=2.098929e-01
epoch 64/160: loss=4.458434e-02, drift=2.094668e-01
epoch 65/160: loss=4.474988e-02, drift=2.097960e-01
epoch 66/160: loss=4.505219e-02, drift=2.105140e-01
epoch 67/160: loss=4.415417e-02, drift=2.091862e-01
epoch 68/160: loss=4.466368e-02, drift=2.096010e-01
epoch 69/160: loss=4.410668e-02, drift=2.090944e-01
epoch 70/160: loss=4.436328e-02, drift=2.091677e-01
epoch 71/160: loss=4.496511e-02, drift=2.101086e-01
epoch 72/160: loss=4.491666e-02, drift=2.099908e-01
epoch 73/160: loss=4.450400e-02, drift=2.095246e-01
epoch 74/160: loss=4.439517e-02, drift=2.088641e-01
epoch 75/160: loss=4.424878e-02, drift=2.090857e-01
epoch 76/160: loss=4.497632e-02, drift=2.096454e-01
epoch 77/160: loss=4.431124e-02, drift=2.088227e-01
epoch 78/160: loss=4.397951e-02, drift=2.082670e-01
epoch 79/160: loss=4.436187e-02, drift=2.092186e-01
epoch 80/160: loss=4.462143e-02, drift=2.095416e-01
epoch 81/160: loss=4.435528e-02, drift=2.093292e-01
epoch 82/160: loss=4.488150e-02, drift=2.097765e-01
epoch 83/160: loss=4.427368e-02, drift=2.093356e-01
epoch 84/160: loss=4.430378e-02, drift=2.091113e-01
epoch 85/160: loss=4.438651e-02, drift=2.091444e-01
epoch 86/160: loss=4.419628e-02, drift=2.087740e-01
epoch 87/160: loss=4.474460e-02, drift=2.097971e-01
epoch 88/160: loss=4.474949e-02, drift=2.097972e-01
epoch 89/160: loss=4.467867e-02, drift=2.095890e-01
epoch 90/160: loss=4.465057e-02, drift=2.092089e-01
epoch 91/160: loss=4.450777e-02, drift=2.094910e-01
epoch 92/160: loss=4.454663e-02, drift=2.093496e-01
epoch 93/160: loss=4.465248e-02, drift=2.092673e-01
epoch 94/160: loss=4.479266e-02, drift=2.098880e-01
epoch 95/160: loss=4.451142e-02, drift=2.089416e-01
epoch 96/160: loss=4.433893e-02, drift=2.086598e-01
epoch 97/160: loss=4.443895e-02, drift=2.088902e-01
epoch 98/160: loss=4.453472e-02, drift=2.086704e-01
epoch 99/160: loss=4.457295e-02, drift=2.092052e-01
epoch 100/160: loss=4.415517e-02, drift=2.084763e-01
epoch 101/160: loss=4.430396e-02, drift=2.088698e-01
epoch 102/160: loss=4.490501e-02, drift=2.099134e-01
epoch 103/160: loss=4.467330e-02, drift=2.095681e-01
epoch 104/160: loss=4.470577e-02, drift=2.090873e-01
epoch 105/160: loss=4.446477e-02, drift=2.096380e-01
epoch 106/160: loss=4.398190e-02, drift=2.082221e-01
epoch 107/160: loss=4.414368e-02, drift=2.086802e-01
epoch 108/160: loss=4.443748e-02, drift=2.089685e-01
epoch 109/160: loss=4.505401e-02, drift=2.095321e-01
epoch 110/160: loss=4.448166e-02, drift=2.088559e-01
epoch 111/160: loss=4.442737e-02, drift=2.090584e-01
epoch 112/160: loss=4.435510e-02, drift=2.088906e-01
epoch 113/160: loss=4.441681e-02, drift=2.087635e-01
epoch 114/160: loss=4.420744e-02, drift=2.085048e-01
epoch 115/160: loss=4.432050e-02, drift=2.091745e-01
epoch 116/160: loss=4.444937e-02, drift=2.089449e-01
epoch 117/160: loss=4.426353e-02, drift=2.085284e-01
epoch 118/160: loss=4.456497e-02, drift=2.087093e-01
epoch 119/160: loss=4.475307e-02, drift=2.095572e-01
epoch 120/160: loss=4.438874e-02, drift=2.088578e-01
epoch 121/160: loss=4.428588e-02, drift=2.087320e-01
epoch 122/160: loss=4.478839e-02, drift=2.092992e-01
epoch 123/160: loss=4.420442e-02, drift=2.087253e-01
epoch 124/160: loss=4.447433e-02, drift=2.085952e-01
epoch 125/160: loss=4.453521e-02, drift=2.088167e-01
epoch 126/160: loss=4.446771e-02, drift=2.087401e-01
epoch 127/160: loss=4.452285e-02, drift=2.089491e-01
epoch 128/160: loss=4.435182e-02, drift=2.086986e-01
epoch 129/160: loss=4.486434e-02, drift=2.092859e-01
epoch 130/160: loss=4.455514e-02, drift=2.088371e-01
epoch 131/160: loss=4.396755e-02, drift=2.078637e-01
epoch 132/160: loss=4.466039e-02, drift=2.092885e-01
epoch 133/160: loss=4.420668e-02, drift=2.088294e-01
epoch 134/160: loss=4.485306e-02, drift=2.091270e-01
epoch 135/160: loss=4.435747e-02, drift=2.084401e-01
epoch 136/160: loss=4.474299e-02, drift=2.092167e-01
epoch 137/160: loss=4.476332e-02, drift=2.088728e-01
epoch 138/160: loss=4.437901e-02, drift=2.089404e-01
epoch 139/160: loss=4.429741e-02, drift=2.081211e-01
epoch 140/160: loss=4.474525e-02, drift=2.087626e-01
epoch 141/160: loss=4.467322e-02, drift=2.085551e-01
epoch 142/160: loss=4.421800e-02, drift=2.080949e-01
epoch 143/160: loss=4.433278e-02, drift=2.082800e-01
epoch 144/160: loss=4.437164e-02, drift=2.080912e-01
epoch 145/160: loss=4.416573e-02, drift=2.083957e-01
epoch 146/160: loss=4.451371e-02, drift=2.085577e-01
epoch 147/160: loss=4.427905e-02, drift=2.084075e-01
epoch 148/160: loss=4.426940e-02, drift=2.084426e-01
epoch 149/160: loss=4.430635e-02, drift=2.086952e-01
epoch 150/160: loss=4.419046e-02, drift=2.084355e-01
epoch 151/160: loss=4.457377e-02, drift=2.087193e-01
epoch 152/160: loss=4.442334e-02, drift=2.082712e-01
epoch 153/160: loss=4.402989e-02, drift=2.079866e-01
epoch 154/160: loss=4.437504e-02, drift=2.083625e-01
epoch 155/160: loss=4.430706e-02, drift=2.083531e-01
epoch 156/160: loss=4.467495e-02, drift=2.086082e-01
epoch 157/160: loss=4.403162e-02, drift=2.081196e-01
epoch 158/160: loss=4.504211e-02, drift=2.089791e-01
epoch 159/160: loss=4.428336e-02, drift=2.081298e-01
epoch 160/160: loss=4.443563e-02, drift=2.083926e-01
{
  "checkpoint": "/home/entropy/GitHub/conditional_drifting_models/weights/channel_implants/optfib/optfib2_drifting_direct_product_whitened_cond0p5_targ1_cbwauto_tbwauto_k32_radauto_mix0p5_raw_ac1_at1_ak8_emb0_seed7.pt",
  "summary": "/home/entropy/GitHub/conditional_drifting_models/weights/channel_implants/optfib/optfib2_drifting_direct_product_whitened_cond0p5_targ1_cbwauto_tbwauto_k32_radauto_mix0p5_raw_ac1_at1_ak8_emb0_seed7.json"
}
epoch 1/160: loss=5.091550e-03, drift=8.680466e-02
epoch 2/160: loss=4.887689e-03, drift=8.027712e-02
epoch 3/160: loss=4.300862e-03, drift=7.333989e-02
epoch 4/160: loss=3.989466e-03, drift=7.032431e-02
epoch 5/160: loss=3.405961e-03, drift=6.350413e-02
epoch 6/160: loss=3.355155e-03, drift=6.293005e-02
epoch 7/160: loss=3.266038e-03, drift=6.239725e-02
epoch 8/160: loss=3.362193e-03, drift=6.291526e-02
epoch 9/160: loss=3.170165e-03, drift=6.192339e-02
epoch 10/160: loss=3.218685e-03, drift=6.239047e-02
epoch 11/160: loss=3.134560e-03, drift=6.195910e-02
epoch 12/160: loss=3.157202e-03, drift=6.217434e-02
epoch 13/160: loss=2.972240e-03, drift=6.061644e-02
epoch 14/160: loss=3.096109e-03, drift=6.208359e-02
epoch 15/160: loss=3.171166e-03, drift=6.242457e-02
epoch 16/160: loss=3.145595e-03, drift=6.204912e-02
epoch 17/160: loss=3.046720e-03, drift=6.115737e-02
epoch 18/160: loss=3.202296e-03, drift=6.356473e-02
epoch 19/160: loss=3.021577e-03, drift=6.162593e-02
epoch 20/160: loss=2.976213e-03, drift=6.053869e-02
epoch 21/160: loss=3.011645e-03, drift=6.118429e-02
epoch 22/160: loss=3.059327e-03, drift=6.126899e-02
epoch 23/160: loss=3.140984e-03, drift=6.185922e-02
epoch 24/160: loss=3.104964e-03, drift=6.218913e-02
epoch 25/160: loss=3.122901e-03, drift=6.163949e-02
epoch 26/160: loss=3.067177e-03, drift=6.050851e-02
epoch 27/160: loss=3.034269e-03, drift=6.055090e-02
epoch 28/160: loss=3.008331e-03, drift=5.984507e-02
epoch 29/160: loss=3.190070e-03, drift=6.235326e-02
epoch 30/160: loss=3.080182e-03, drift=6.094995e-02
epoch 31/160: loss=3.214832e-03, drift=6.165330e-02
epoch 32/160: loss=3.140881e-03, drift=6.079420e-02
epoch 33/160: loss=3.094938e-03, drift=6.058336e-02
epoch 34/160: loss=3.137529e-03, drift=5.959078e-02
epoch 35/160: loss=3.222999e-03, drift=6.065764e-02
epoch 36/160: loss=3.168781e-03, drift=5.955448e-02
epoch 37/160: loss=3.090859e-03, drift=5.860553e-02
epoch 38/160: loss=3.168552e-03, drift=6.063889e-02
epoch 39/160: loss=3.364700e-03, drift=6.058577e-02
epoch 40/160: loss=3.178922e-03, drift=5.988532e-02
epoch 41/160: loss=3.007313e-03, drift=5.873061e-02
epoch 42/160: loss=3.155785e-03, drift=6.039897e-02
epoch 43/160: loss=3.101395e-03, drift=5.858142e-02
epoch 44/160: loss=3.074374e-03, drift=5.937969e-02
epoch 45/160: loss=3.062550e-03, drift=5.972699e-02
epoch 46/160: loss=3.051599e-03, drift=5.961884e-02
epoch 47/160: loss=3.201417e-03, drift=6.077289e-02
epoch 48/160: loss=3.239348e-03, drift=6.170686e-02
epoch 49/160: loss=3.074384e-03, drift=6.093938e-02
epoch 50/160: loss=3.027526e-03, drift=5.830854e-02
epoch 51/160: loss=2.986124e-03, drift=5.922146e-02
epoch 52/160: loss=2.922839e-03, drift=5.876348e-02
epoch 53/160: loss=3.220768e-03, drift=6.140971e-02
epoch 54/160: loss=2.908444e-03, drift=5.817478e-02
epoch 55/160: loss=2.950795e-03, drift=5.879272e-02
epoch 56/160: loss=3.091697e-03, drift=5.920593e-02
epoch 57/160: loss=3.154010e-03, drift=5.969948e-02
epoch 58/160: loss=2.941249e-03, drift=5.878657e-02
epoch 59/160: loss=2.923357e-03, drift=5.860040e-02
epoch 60/160: loss=2.919782e-03, drift=5.834553e-02
epoch 61/160: loss=2.887534e-03, drift=5.828962e-02
epoch 62/160: loss=3.002878e-03, drift=5.995416e-02
epoch 63/160: loss=2.944891e-03, drift=5.880057e-02
epoch 64/160: loss=2.999573e-03, drift=5.843798e-02
epoch 65/160: loss=2.922684e-03, drift=5.859583e-02
epoch 66/160: loss=2.985018e-03, drift=5.870987e-02
epoch 67/160: loss=3.042101e-03, drift=6.037924e-02
epoch 68/160: loss=2.944017e-03, drift=5.921838e-02
epoch 69/160: loss=3.002755e-03, drift=5.969401e-02
epoch 70/160: loss=2.921286e-03, drift=5.876132e-02
epoch 71/160: loss=2.828006e-03, drift=5.716749e-02
epoch 72/160: loss=2.870428e-03, drift=5.786611e-02
epoch 73/160: loss=2.830521e-03, drift=5.787139e-02
epoch 74/160: loss=2.955301e-03, drift=5.848422e-02
epoch 75/160: loss=2.970604e-03, drift=5.938389e-02
epoch 76/160: loss=2.844671e-03, drift=5.850724e-02
epoch 77/160: loss=2.900326e-03, drift=5.865429e-02
epoch 78/160: loss=2.912773e-03, drift=5.905424e-02
epoch 79/160: loss=2.985389e-03, drift=6.003616e-02
epoch 80/160: loss=2.804136e-03, drift=5.775550e-02
epoch 81/160: loss=2.857716e-03, drift=5.852065e-02
epoch 82/160: loss=2.811361e-03, drift=5.856750e-02
epoch 83/160: loss=2.816758e-03, drift=5.871528e-02
epoch 84/160: loss=2.898093e-03, drift=5.891267e-02
epoch 85/160: loss=2.823216e-03, drift=5.734133e-02
epoch 86/160: loss=2.804270e-03, drift=5.806054e-02
epoch 87/160: loss=2.809709e-03, drift=5.803848e-02
epoch 88/160: loss=2.769379e-03, drift=5.734559e-02
epoch 89/160: loss=2.929653e-03, drift=5.852084e-02
epoch 90/160: loss=2.841079e-03, drift=5.766305e-02
epoch 91/160: loss=2.958719e-03, drift=5.991278e-02
epoch 92/160: loss=2.957478e-03, drift=5.940398e-02
epoch 93/160: loss=2.828002e-03, drift=5.795199e-02
epoch 94/160: loss=2.773538e-03, drift=5.888369e-02
epoch 95/160: loss=2.796332e-03, drift=5.818449e-02
epoch 96/160: loss=2.809163e-03, drift=5.802669e-02
epoch 97/160: loss=2.963950e-03, drift=5.989373e-02
epoch 98/160: loss=2.763689e-03, drift=5.758429e-02
epoch 99/160: loss=2.763028e-03, drift=5.781593e-02
epoch 100/160: loss=2.747208e-03, drift=5.836145e-02
epoch 101/160: loss=2.725267e-03, drift=5.691616e-02
epoch 102/160: loss=2.807790e-03, drift=5.789812e-02
epoch 103/160: loss=2.824514e-03, drift=5.755648e-02
epoch 104/160: loss=2.679537e-03, drift=5.645278e-02
epoch 105/160: loss=2.884931e-03, drift=5.969034e-02
epoch 106/160: loss=2.862985e-03, drift=5.832715e-02
epoch 107/160: loss=2.790165e-03, drift=5.846838e-02
epoch 108/160: loss=2.842512e-03, drift=5.927417e-02
epoch 109/160: loss=2.960880e-03, drift=6.011544e-02
epoch 110/160: loss=2.863061e-03, drift=5.862161e-02
epoch 111/160: loss=2.900845e-03, drift=5.988189e-02
epoch 112/160: loss=2.732458e-03, drift=5.695107e-02
epoch 113/160: loss=2.762269e-03, drift=5.740697e-02
epoch 114/160: loss=2.720659e-03, drift=5.671079e-02
epoch 115/160: loss=2.756061e-03, drift=5.696328e-02
epoch 116/160: loss=2.779336e-03, drift=5.797932e-02
epoch 117/160: loss=2.713498e-03, drift=5.737659e-02
epoch 118/160: loss=2.743856e-03, drift=5.623748e-02
epoch 119/160: loss=2.703799e-03, drift=5.751821e-02
epoch 120/160: loss=2.708443e-03, drift=5.709129e-02
epoch 121/160: loss=2.757448e-03, drift=5.796146e-02
epoch 122/160: loss=2.885014e-03, drift=5.803899e-02
epoch 123/160: loss=2.790381e-03, drift=5.783762e-02
epoch 124/160: loss=2.760681e-03, drift=5.873779e-02
epoch 125/160: loss=2.793707e-03, drift=5.818033e-02
epoch 126/160: loss=2.796450e-03, drift=5.889010e-02
epoch 127/160: loss=2.713109e-03, drift=5.752729e-02
epoch 128/160: loss=2.712071e-03, drift=5.677590e-02
epoch 129/160: loss=2.664326e-03, drift=5.679324e-02
epoch 130/160: loss=2.869029e-03, drift=5.854460e-02
epoch 131/160: loss=2.767286e-03, drift=5.831017e-02
epoch 132/160: loss=2.890210e-03, drift=5.884498e-02
epoch 133/160: loss=2.694785e-03, drift=5.643252e-02
epoch 134/160: loss=2.730527e-03, drift=5.803163e-02
epoch 135/160: loss=2.766547e-03, drift=5.784115e-02
epoch 136/160: loss=2.755491e-03, drift=5.748819e-02
epoch 137/160: loss=2.848440e-03, drift=5.887241e-02
epoch 138/160: loss=2.619543e-03, drift=5.642475e-02
epoch 139/160: loss=2.740738e-03, drift=5.785492e-02
epoch 140/160: loss=2.798627e-03, drift=5.872322e-02
epoch 141/160: loss=2.719470e-03, drift=5.724511e-02
epoch 142/160: loss=2.889707e-03, drift=5.891671e-02
epoch 143/160: loss=2.646029e-03, drift=5.768811e-02
epoch 144/160: loss=2.821408e-03, drift=5.881356e-02
epoch 145/160: loss=2.705531e-03, drift=5.669887e-02
epoch 146/160: loss=2.724450e-03, drift=5.761673e-02
epoch 147/160: loss=2.814873e-03, drift=5.802786e-02
epoch 148/160: loss=2.748477e-03, drift=5.746254e-02
epoch 149/160: loss=2.823692e-03, drift=5.951910e-02
epoch 150/160: loss=2.737957e-03, drift=5.777601e-02
epoch 151/160: loss=2.802289e-03, drift=5.864114e-02
epoch 152/160: loss=2.888398e-03, drift=5.934231e-02
epoch 153/160: loss=2.795897e-03, drift=5.798163e-02
epoch 154/160: loss=2.814490e-03, drift=5.863422e-02
epoch 155/160: loss=2.716946e-03, drift=5.730970e-02
epoch 156/160: loss=2.750929e-03, drift=5.730805e-02
epoch 157/160: loss=2.746220e-03, drift=5.762307e-02
epoch 158/160: loss=2.686999e-03, drift=5.741344e-02
epoch 159/160: loss=2.811994e-03, drift=5.815209e-02
epoch 160/160: loss=2.726108e-03, drift=5.710825e-02
{
  "checkpoint": "/home/entropy/GitHub/conditional_drifting_models/weights/channel_implants/optfib/optfib2_drifting_residual_none_euclidean_cond0_targ1_cbwauto_tbwauto_k32_radauto_mix0p5_raw_ac0_at0_ak16_emb0_seed7.pt",
  "summary": "/home/entropy/GitHub/conditional_drifting_models/weights/channel_implants/optfib/optfib2_drifting_residual_none_euclidean_cond0_targ1_cbwauto_tbwauto_k32_radauto_mix0p5_raw_ac0_at0_ak16_emb0_seed7.json"
}
epoch 1/160: loss=4.044724e-03, drift=7.659542e-02
epoch 2/160: loss=4.126979e-03, drift=7.214806e-02
epoch 3/160: loss=4.027356e-03, drift=7.002098e-02
epoch 4/160: loss=3.860722e-03, drift=6.916235e-02
epoch 5/160: loss=3.606883e-03, drift=6.726373e-02
epoch 6/160: loss=3.666499e-03, drift=6.776144e-02
epoch 7/160: loss=3.517817e-03, drift=6.645820e-02
epoch 8/160: loss=3.479840e-03, drift=6.672389e-02
epoch 9/160: loss=3.261824e-03, drift=6.545142e-02
epoch 10/160: loss=3.244285e-03, drift=6.520715e-02
epoch 11/160: loss=3.142184e-03, drift=6.467581e-02
epoch 12/160: loss=3.122849e-03, drift=6.460521e-02
epoch 13/160: loss=3.072221e-03, drift=6.471311e-02
epoch 14/160: loss=3.001816e-03, drift=6.359831e-02
epoch 15/160: loss=3.119224e-03, drift=6.516792e-02
epoch 16/160: loss=3.095054e-03, drift=6.500062e-02
epoch 17/160: loss=3.031036e-03, drift=6.434157e-02
epoch 18/160: loss=3.073060e-03, drift=6.546065e-02
epoch 19/160: loss=2.912917e-03, drift=6.360502e-02
epoch 20/160: loss=2.864611e-03, drift=6.249192e-02
epoch 21/160: loss=2.872470e-03, drift=6.312788e-02
epoch 22/160: loss=3.022425e-03, drift=6.503440e-02
epoch 23/160: loss=3.064000e-03, drift=6.534170e-02
epoch 24/160: loss=2.934177e-03, drift=6.365308e-02
epoch 25/160: loss=2.940237e-03, drift=6.399727e-02
epoch 26/160: loss=2.774052e-03, drift=6.187608e-02
epoch 27/160: loss=2.874567e-03, drift=6.352375e-02
epoch 28/160: loss=2.787199e-03, drift=6.276798e-02
epoch 29/160: loss=3.055400e-03, drift=6.565198e-02
epoch 30/160: loss=2.918104e-03, drift=6.411147e-02
epoch 31/160: loss=2.997708e-03, drift=6.490819e-02
epoch 32/160: loss=2.931066e-03, drift=6.428327e-02
epoch 33/160: loss=2.910081e-03, drift=6.346948e-02
epoch 34/160: loss=2.917071e-03, drift=6.325613e-02
epoch 35/160: loss=2.902065e-03, drift=6.376686e-02
epoch 36/160: loss=2.926332e-03, drift=6.356005e-02
epoch 37/160: loss=2.765007e-03, drift=6.190437e-02
epoch 38/160: loss=3.077525e-03, drift=6.554544e-02
epoch 39/160: loss=2.951111e-03, drift=6.368671e-02
epoch 40/160: loss=2.877260e-03, drift=6.354781e-02
epoch 41/160: loss=2.771738e-03, drift=6.251378e-02
epoch 42/160: loss=2.871091e-03, drift=6.369255e-02
epoch 43/160: loss=2.852242e-03, drift=6.308852e-02
epoch 44/160: loss=2.883433e-03, drift=6.332919e-02
epoch 45/160: loss=2.929266e-03, drift=6.412380e-02
epoch 46/160: loss=2.840845e-03, drift=6.344304e-02
epoch 47/160: loss=2.937999e-03, drift=6.406658e-02
epoch 48/160: loss=2.942244e-03, drift=6.453633e-02
epoch 49/160: loss=3.039795e-03, drift=6.572295e-02
epoch 50/160: loss=2.893751e-03, drift=6.304610e-02
epoch 51/160: loss=2.876037e-03, drift=6.294356e-02
epoch 52/160: loss=2.834217e-03, drift=6.314397e-02
epoch 53/160: loss=3.082307e-03, drift=6.556281e-02
epoch 54/160: loss=2.905192e-03, drift=6.340504e-02
epoch 55/160: loss=2.995453e-03, drift=6.410834e-02
epoch 56/160: loss=2.836257e-03, drift=6.278131e-02
epoch 57/160: loss=2.981707e-03, drift=6.385865e-02
epoch 58/160: loss=2.955066e-03, drift=6.428917e-02
epoch 59/160: loss=2.910913e-03, drift=6.370971e-02
epoch 60/160: loss=2.917545e-03, drift=6.357374e-02
epoch 61/160: loss=2.889505e-03, drift=6.357125e-02
epoch 62/160: loss=2.923008e-03, drift=6.367969e-02
epoch 63/160: loss=2.853825e-03, drift=6.314120e-02
epoch 64/160: loss=2.979227e-03, drift=6.372723e-02
epoch 65/160: loss=2.899306e-03, drift=6.368121e-02
epoch 66/160: loss=2.865479e-03, drift=6.319170e-02
epoch 67/160: loss=3.025952e-03, drift=6.463933e-02
epoch 68/160: loss=2.937343e-03, drift=6.356992e-02
epoch 69/160: loss=2.951942e-03, drift=6.437871e-02
epoch 70/160: loss=2.966027e-03, drift=6.384148e-02
epoch 71/160: loss=2.814446e-03, drift=6.181844e-02
epoch 72/160: loss=2.886585e-03, drift=6.246329e-02
epoch 73/160: loss=2.785269e-03, drift=6.169072e-02
epoch 74/160: loss=2.978356e-03, drift=6.398823e-02
epoch 75/160: loss=2.914627e-03, drift=6.388425e-02
epoch 76/160: loss=2.882646e-03, drift=6.323486e-02
epoch 77/160: loss=3.001296e-03, drift=6.442469e-02
epoch 78/160: loss=2.897466e-03, drift=6.359610e-02
epoch 79/160: loss=3.045421e-03, drift=6.522188e-02
epoch 80/160: loss=2.987394e-03, drift=6.382253e-02
epoch 81/160: loss=2.934475e-03, drift=6.390587e-02
epoch 82/160: loss=2.965044e-03, drift=6.384595e-02
epoch 83/160: loss=2.941007e-03, drift=6.351193e-02
epoch 84/160: loss=2.912558e-03, drift=6.384825e-02
epoch 85/160: loss=2.851075e-03, drift=6.271727e-02
epoch 86/160: loss=2.836579e-03, drift=6.254485e-02
epoch 87/160: loss=2.861028e-03, drift=6.303384e-02
epoch 88/160: loss=2.903459e-03, drift=6.347456e-02
epoch 89/160: loss=2.878059e-03, drift=6.288419e-02
epoch 90/160: loss=2.921250e-03, drift=6.314589e-02
epoch 91/160: loss=2.939990e-03, drift=6.363802e-02
epoch 92/160: loss=3.126040e-03, drift=6.599697e-02
epoch 93/160: loss=2.870787e-03, drift=6.271576e-02
epoch 94/160: loss=2.922778e-03, drift=6.349359e-02
epoch 95/160: loss=2.916139e-03, drift=6.373241e-02
epoch 96/160: loss=2.938009e-03, drift=6.365343e-02
epoch 97/160: loss=2.991932e-03, drift=6.405433e-02
epoch 98/160: loss=2.876771e-03, drift=6.249978e-02
epoch 99/160: loss=2.881499e-03, drift=6.320078e-02
epoch 100/160: loss=2.913778e-03, drift=6.295144e-02
epoch 101/160: loss=2.903586e-03, drift=6.251446e-02
epoch 102/160: loss=2.891181e-03, drift=6.229435e-02
epoch 103/160: loss=2.888485e-03, drift=6.290002e-02
epoch 104/160: loss=2.878672e-03, drift=6.296251e-02
epoch 105/160: loss=2.976008e-03, drift=6.463093e-02
epoch 106/160: loss=2.970197e-03, drift=6.324201e-02
epoch 107/160: loss=2.896121e-03, drift=6.290380e-02
epoch 108/160: loss=2.969220e-03, drift=6.399674e-02
epoch 109/160: loss=2.987068e-03, drift=6.412920e-02
epoch 110/160: loss=2.995192e-03, drift=6.418530e-02
epoch 111/160: loss=3.015578e-03, drift=6.458521e-02
epoch 112/160: loss=2.859541e-03, drift=6.246055e-02
epoch 113/160: loss=3.004425e-03, drift=6.374224e-02
epoch 114/160: loss=2.803951e-03, drift=6.183757e-02
epoch 115/160: loss=2.990559e-03, drift=6.331634e-02
epoch 116/160: loss=2.855283e-03, drift=6.205716e-02
epoch 117/160: loss=2.859547e-03, drift=6.150928e-02
epoch 118/160: loss=2.845087e-03, drift=6.222249e-02
epoch 119/160: loss=2.948935e-03, drift=6.374011e-02
epoch 120/160: loss=2.747352e-03, drift=6.124004e-02
epoch 121/160: loss=2.923388e-03, drift=6.324117e-02
epoch 122/160: loss=2.884128e-03, drift=6.174142e-02
epoch 123/160: loss=2.909082e-03, drift=6.284611e-02
epoch 124/160: loss=2.913784e-03, drift=6.345102e-02
epoch 125/160: loss=2.908009e-03, drift=6.283042e-02
epoch 126/160: loss=3.032732e-03, drift=6.474542e-02
epoch 127/160: loss=2.936923e-03, drift=6.318164e-02
epoch 128/160: loss=2.783825e-03, drift=6.089174e-02
epoch 129/160: loss=2.938919e-03, drift=6.361971e-02
epoch 130/160: loss=3.012663e-03, drift=6.392750e-02
epoch 131/160: loss=2.969708e-03, drift=6.341711e-02
epoch 132/160: loss=2.964712e-03, drift=6.277878e-02
epoch 133/160: loss=2.819689e-03, drift=6.130028e-02
epoch 134/160: loss=2.830424e-03, drift=6.184271e-02
epoch 135/160: loss=2.929233e-03, drift=6.293604e-02
epoch 136/160: loss=2.952909e-03, drift=6.267215e-02
epoch 137/160: loss=3.012864e-03, drift=6.356323e-02
epoch 138/160: loss=2.885313e-03, drift=6.262685e-02
epoch 139/160: loss=2.794989e-03, drift=6.157874e-02
epoch 140/160: loss=3.007151e-03, drift=6.495639e-02
epoch 141/160: loss=2.930178e-03, drift=6.320674e-02
epoch 142/160: loss=3.090481e-03, drift=6.421205e-02
epoch 143/160: loss=2.929663e-03, drift=6.342456e-02
epoch 144/160: loss=2.965976e-03, drift=6.343077e-02
epoch 145/160: loss=2.984890e-03, drift=6.372711e-02
epoch 146/160: loss=2.854489e-03, drift=6.202461e-02
epoch 147/160: loss=2.883076e-03, drift=6.189106e-02
epoch 148/160: loss=2.781539e-03, drift=6.089054e-02
epoch 149/160: loss=3.126513e-03, drift=6.473194e-02
epoch 150/160: loss=2.840422e-03, drift=6.189543e-02
epoch 151/160: loss=2.935975e-03, drift=6.298525e-02
epoch 152/160: loss=3.016141e-03, drift=6.364893e-02
epoch 153/160: loss=2.994515e-03, drift=6.379852e-02
epoch 154/160: loss=2.971911e-03, drift=6.317993e-02
epoch 155/160: loss=2.853474e-03, drift=6.203763e-02
epoch 156/160: loss=2.962759e-03, drift=6.317888e-02
epoch 157/160: loss=2.915307e-03, drift=6.262055e-02
epoch 158/160: loss=2.844590e-03, drift=6.132558e-02
epoch 159/160: loss=2.991780e-03, drift=6.314964e-02
epoch 160/160: loss=2.862857e-03, drift=6.198515e-02
{
  "checkpoint": "/home/entropy/GitHub/conditional_drifting_models/weights/channel_implants/optfib/optfib2_drifting_residual_joint_euclidean_cond0p25_targ1_cbwauto_tbwauto_k32_radauto_mix0p5_raw_ac0_at0_ak16_emb0_seed7.pt",
  "summary": "/home/entropy/GitHub/conditional_drifting_models/weights/channel_implants/optfib/optfib2_drifting_residual_joint_euclidean_cond0p25_targ1_cbwauto_tbwauto_k32_radauto_mix0p5_raw_ac0_at0_ak16_emb0_seed7.json"
}
epoch 1/160: loss=5.641171e-03, drift=8.509745e-02
epoch 2/160: loss=5.922212e-03, drift=8.168938e-02
epoch 3/160: loss=5.927912e-03, drift=8.183875e-02
epoch 4/160: loss=5.718518e-03, drift=8.053559e-02
epoch 5/160: loss=5.504858e-03, drift=7.902190e-02
epoch 6/160: loss=5.821746e-03, drift=8.089173e-02
epoch 7/160: loss=6.024107e-03, drift=8.122500e-02
epoch 8/160: loss=5.870673e-03, drift=8.017603e-02
epoch 9/160: loss=6.113753e-03, drift=8.030126e-02
epoch 10/160: loss=6.328295e-03, drift=8.213681e-02
epoch 11/160: loss=6.344672e-03, drift=8.209210e-02
epoch 12/160: loss=6.583476e-03, drift=8.310082e-02
epoch 13/160: loss=6.213869e-03, drift=8.144071e-02
epoch 14/160: loss=6.178024e-03, drift=7.976916e-02
epoch 15/160: loss=6.599946e-03, drift=8.298606e-02
epoch 16/160: loss=6.775187e-03, drift=8.238059e-02
epoch 17/160: loss=6.430963e-03, drift=8.154442e-02
epoch 18/160: loss=6.591530e-03, drift=8.311276e-02
epoch 19/160: loss=6.375985e-03, drift=8.234042e-02
epoch 20/160: loss=6.482105e-03, drift=8.218517e-02
epoch 21/160: loss=6.546870e-03, drift=8.312493e-02
epoch 22/160: loss=6.326313e-03, drift=8.091684e-02
epoch 23/160: loss=6.463737e-03, drift=8.205041e-02
epoch 24/160: loss=6.291798e-03, drift=8.236131e-02
epoch 25/160: loss=6.361611e-03, drift=8.235758e-02
epoch 26/160: loss=6.321424e-03, drift=8.214905e-02
epoch 27/160: loss=6.182611e-03, drift=8.240046e-02
epoch 28/160: loss=6.061525e-03, drift=8.072567e-02
epoch 29/160: loss=6.255539e-03, drift=8.173965e-02
epoch 30/160: loss=6.160355e-03, drift=8.159785e-02
epoch 31/160: loss=6.432954e-03, drift=8.245760e-02
epoch 32/160: loss=6.314173e-03, drift=8.254366e-02
epoch 33/160: loss=6.154188e-03, drift=8.160451e-02
epoch 34/160: loss=5.990098e-03, drift=7.992966e-02
epoch 35/160: loss=6.238623e-03, drift=8.199175e-02
epoch 36/160: loss=6.140083e-03, drift=8.158389e-02
epoch 37/160: loss=5.967329e-03, drift=7.884898e-02
epoch 38/160: loss=6.199210e-03, drift=8.286865e-02
epoch 39/160: loss=5.995925e-03, drift=8.002240e-02
epoch 40/160: loss=5.868976e-03, drift=7.987655e-02
epoch 41/160: loss=5.914031e-03, drift=8.107966e-02
epoch 42/160: loss=5.823946e-03, drift=8.005145e-02
epoch 43/160: loss=5.920777e-03, drift=7.969195e-02
epoch 44/160: loss=5.980312e-03, drift=8.150337e-02
epoch 45/160: loss=5.965891e-03, drift=8.184632e-02
epoch 46/160: loss=5.882482e-03, drift=7.985287e-02
epoch 47/160: loss=6.062546e-03, drift=8.138063e-02
epoch 48/160: loss=5.965893e-03, drift=8.116084e-02
epoch 49/160: loss=6.117822e-03, drift=8.231453e-02
epoch 50/160: loss=5.887258e-03, drift=7.960782e-02
epoch 51/160: loss=5.700984e-03, drift=7.915549e-02
epoch 52/160: loss=5.644897e-03, drift=7.849193e-02
epoch 53/160: loss=5.874795e-03, drift=8.047385e-02
epoch 54/160: loss=5.719006e-03, drift=7.991014e-02
epoch 55/160: loss=5.699100e-03, drift=7.885657e-02
epoch 56/160: loss=5.860626e-03, drift=8.021449e-02
epoch 57/160: loss=5.792518e-03, drift=7.986900e-02
epoch 58/160: loss=5.658366e-03, drift=7.988451e-02
epoch 59/160: loss=5.763072e-03, drift=8.008305e-02
epoch 60/160: loss=5.816328e-03, drift=8.009450e-02
epoch 61/160: loss=5.704678e-03, drift=7.974527e-02
epoch 62/160: loss=5.841319e-03, drift=8.185084e-02
epoch 63/160: loss=5.676511e-03, drift=7.943382e-02
epoch 64/160: loss=5.808170e-03, drift=8.126579e-02
epoch 65/160: loss=5.670140e-03, drift=7.888421e-02
epoch 66/160: loss=5.841778e-03, drift=8.066875e-02
epoch 67/160: loss=5.882500e-03, drift=8.176520e-02
epoch 68/160: loss=5.731443e-03, drift=8.040141e-02
epoch 69/160: loss=5.749936e-03, drift=7.973969e-02
epoch 70/160: loss=5.741278e-03, drift=7.941200e-02
epoch 71/160: loss=5.929472e-03, drift=8.032197e-02
epoch 72/160: loss=5.844660e-03, drift=8.021960e-02
epoch 73/160: loss=5.614802e-03, drift=7.823743e-02
epoch 74/160: loss=5.878374e-03, drift=7.982730e-02
epoch 75/160: loss=5.824754e-03, drift=8.011620e-02
epoch 76/160: loss=5.761734e-03, drift=7.951809e-02
epoch 77/160: loss=5.685628e-03, drift=7.881565e-02
epoch 78/160: loss=5.749487e-03, drift=7.960107e-02
epoch 79/160: loss=5.750242e-03, drift=7.964397e-02
epoch 80/160: loss=5.579820e-03, drift=7.949457e-02
epoch 81/160: loss=5.685091e-03, drift=7.986753e-02
epoch 82/160: loss=5.528875e-03, drift=7.854277e-02
epoch 83/160: loss=5.800423e-03, drift=8.042680e-02
epoch 84/160: loss=5.656572e-03, drift=8.007767e-02
epoch 85/160: loss=5.764720e-03, drift=7.902514e-02
epoch 86/160: loss=5.934916e-03, drift=8.043845e-02
epoch 87/160: loss=5.582061e-03, drift=7.900416e-02
epoch 88/160: loss=5.583910e-03, drift=7.791557e-02
epoch 89/160: loss=5.613033e-03, drift=7.836385e-02
epoch 90/160: loss=5.634415e-03, drift=7.823235e-02
epoch 91/160: loss=5.642719e-03, drift=7.880645e-02
epoch 92/160: loss=5.747023e-03, drift=8.020737e-02
epoch 93/160: loss=5.655476e-03, drift=7.867656e-02
epoch 94/160: loss=5.845371e-03, drift=8.052540e-02
epoch 95/160: loss=5.667923e-03, drift=7.849696e-02
epoch 96/160: loss=5.867252e-03, drift=8.098813e-02
epoch 97/160: loss=5.730555e-03, drift=7.998504e-02
epoch 98/160: loss=5.521576e-03, drift=7.728842e-02
epoch 99/160: loss=5.540545e-03, drift=7.854337e-02
epoch 100/160: loss=5.758097e-03, drift=7.987956e-02
epoch 101/160: loss=5.671392e-03, drift=7.858954e-02
epoch 102/160: loss=5.894516e-03, drift=7.983314e-02
epoch 103/160: loss=5.895067e-03, drift=8.069437e-02
epoch 104/160: loss=5.856283e-03, drift=8.021473e-02
epoch 105/160: loss=5.762221e-03, drift=8.046444e-02
epoch 106/160: loss=5.750505e-03, drift=7.952650e-02
epoch 107/160: loss=5.849417e-03, drift=8.100529e-02
epoch 108/160: loss=5.890229e-03, drift=8.140042e-02
epoch 109/160: loss=5.981419e-03, drift=8.029833e-02
epoch 110/160: loss=5.803119e-03, drift=7.890793e-02
epoch 111/160: loss=5.970517e-03, drift=8.184146e-02
epoch 112/160: loss=5.813465e-03, drift=7.978778e-02
epoch 113/160: loss=5.712964e-03, drift=7.879364e-02
epoch 114/160: loss=5.781170e-03, drift=7.893327e-02
epoch 115/160: loss=5.785766e-03, drift=7.844535e-02
epoch 116/160: loss=5.799750e-03, drift=7.978898e-02
epoch 117/160: loss=5.867463e-03, drift=7.971476e-02
epoch 118/160: loss=5.707121e-03, drift=7.855608e-02
epoch 119/160: loss=5.799219e-03, drift=7.989970e-02
epoch 120/160: loss=5.728059e-03, drift=7.888640e-02
epoch 121/160: loss=5.810514e-03, drift=7.905466e-02
epoch 122/160: loss=5.928748e-03, drift=7.890130e-02
epoch 123/160: loss=5.908773e-03, drift=7.949991e-02
epoch 124/160: loss=5.696817e-03, drift=7.870542e-02
epoch 125/160: loss=5.806452e-03, drift=7.864643e-02
epoch 126/160: loss=5.777004e-03, drift=8.033684e-02
epoch 127/160: loss=5.869609e-03, drift=7.973083e-02
epoch 128/160: loss=5.619456e-03, drift=7.788110e-02
epoch 129/160: loss=5.753159e-03, drift=7.988619e-02
epoch 130/160: loss=5.787667e-03, drift=7.888535e-02
epoch 131/160: loss=5.843599e-03, drift=7.953347e-02
epoch 132/160: loss=5.918912e-03, drift=8.001428e-02
epoch 133/160: loss=5.681054e-03, drift=7.895555e-02
epoch 134/160: loss=5.595588e-03, drift=7.745550e-02
epoch 135/160: loss=5.835132e-03, drift=7.977285e-02
epoch 136/160: loss=5.850485e-03, drift=7.898937e-02
epoch 137/160: loss=5.794661e-03, drift=7.932060e-02
epoch 138/160: loss=5.758059e-03, drift=7.900819e-02
epoch 139/160: loss=5.815699e-03, drift=8.000488e-02
epoch 140/160: loss=5.698416e-03, drift=7.900633e-02
epoch 141/160: loss=5.834429e-03, drift=8.025775e-02
epoch 142/160: loss=5.767990e-03, drift=7.861875e-02
epoch 143/160: loss=5.629060e-03, drift=7.886949e-02
epoch 144/160: loss=5.721391e-03, drift=7.944295e-02
epoch 145/160: loss=5.666899e-03, drift=7.828129e-02
epoch 146/160: loss=5.572443e-03, drift=7.851471e-02
epoch 147/160: loss=5.855355e-03, drift=7.957197e-02
epoch 148/160: loss=5.698493e-03, drift=7.820043e-02
epoch 149/160: loss=5.766903e-03, drift=8.023572e-02
epoch 150/160: loss=5.696303e-03, drift=7.892180e-02
epoch 151/160: loss=5.813742e-03, drift=7.992941e-02
epoch 152/160: loss=5.876796e-03, drift=7.914790e-02
epoch 153/160: loss=6.021119e-03, drift=8.167993e-02
epoch 154/160: loss=5.999473e-03, drift=8.125465e-02
epoch 155/160: loss=5.775318e-03, drift=7.884292e-02
epoch 156/160: loss=5.778673e-03, drift=7.972881e-02
epoch 157/160: loss=5.798114e-03, drift=7.918371e-02
epoch 158/160: loss=5.810811e-03, drift=7.961244e-02
epoch 159/160: loss=5.853183e-03, drift=7.913588e-02
epoch 160/160: loss=5.763202e-03, drift=7.874587e-02
{
  "checkpoint": "/home/entropy/GitHub/conditional_drifting_models/weights/channel_implants/optfib/optfib2_drifting_residual_product_euclidean_cond0p25_targ1_cbwauto_tbwauto_k32_radauto_mix0p5_raw_ac0_at0_ak16_emb0_seed7.pt",
  "summary": "/home/entropy/GitHub/conditional_drifting_models/weights/channel_implants/optfib/optfib2_drifting_residual_product_euclidean_cond0p25_targ1_cbwauto_tbwauto_k32_radauto_mix0p5_raw_ac0_at0_ak16_emb0_seed7.json"
}
epoch 1/160: loss=4.589173e-01, drift=8.393530e-01
epoch 2/160: loss=4.563507e-01, drift=8.373019e-01
epoch 3/160: loss=4.634803e-01, drift=8.444892e-01
epoch 4/160: loss=4.891413e-01, drift=8.680344e-01
epoch 5/160: loss=4.983350e-01, drift=8.769423e-01
epoch 6/160: loss=4.836715e-01, drift=8.574475e-01
epoch 7/160: loss=5.127523e-01, drift=8.861746e-01
epoch 8/160: loss=4.979158e-01, drift=8.735631e-01
epoch 9/160: loss=5.033329e-01, drift=8.757002e-01
epoch 10/160: loss=4.965611e-01, drift=8.669365e-01
epoch 11/160: loss=5.039815e-01, drift=8.775147e-01
epoch 12/160: loss=5.300135e-01, drift=8.951453e-01
epoch 13/160: loss=5.312341e-01, drift=8.974958e-01
epoch 14/160: loss=5.335703e-01, drift=9.011639e-01
epoch 15/160: loss=5.137384e-01, drift=8.794133e-01
epoch 16/160: loss=5.285171e-01, drift=8.923891e-01
epoch 17/160: loss=5.207643e-01, drift=8.903030e-01
epoch 18/160: loss=5.223507e-01, drift=8.897020e-01
epoch 19/160: loss=5.081551e-01, drift=8.753180e-01
epoch 20/160: loss=5.005408e-01, drift=8.699800e-01
epoch 21/160: loss=5.150257e-01, drift=8.851845e-01
epoch 22/160: loss=5.219399e-01, drift=8.913272e-01
epoch 23/160: loss=5.263249e-01, drift=8.931477e-01
epoch 24/160: loss=5.142593e-01, drift=8.824631e-01
epoch 25/160: loss=5.392893e-01, drift=9.043156e-01
epoch 26/160: loss=5.143986e-01, drift=8.811623e-01
epoch 27/160: loss=5.182237e-01, drift=8.862400e-01
epoch 28/160: loss=5.213817e-01, drift=8.922402e-01
epoch 29/160: loss=5.064943e-01, drift=8.713490e-01
epoch 30/160: loss=5.344559e-01, drift=9.008428e-01
epoch 31/160: loss=5.317187e-01, drift=8.980122e-01
epoch 32/160: loss=5.460873e-01, drift=9.122722e-01
epoch 33/160: loss=5.092804e-01, drift=8.785588e-01
epoch 34/160: loss=5.007310e-01, drift=8.676793e-01
epoch 35/160: loss=5.162022e-01, drift=8.841848e-01
epoch 36/160: loss=5.616063e-01, drift=9.252030e-01
epoch 37/160: loss=5.205721e-01, drift=8.881926e-01
epoch 38/160: loss=5.041782e-01, drift=8.672762e-01
epoch 39/160: loss=5.195613e-01, drift=8.920899e-01
epoch 40/160: loss=5.473345e-01, drift=9.119601e-01
epoch 41/160: loss=5.110072e-01, drift=8.804372e-01
epoch 42/160: loss=5.310309e-01, drift=9.000899e-01
epoch 43/160: loss=5.106637e-01, drift=8.797276e-01
epoch 44/160: loss=5.210361e-01, drift=8.877897e-01
epoch 45/160: loss=5.420344e-01, drift=9.099226e-01
epoch 46/160: loss=5.251106e-01, drift=8.901471e-01
epoch 47/160: loss=5.136574e-01, drift=8.821757e-01
epoch 48/160: loss=5.094829e-01, drift=8.794967e-01
epoch 49/160: loss=5.210730e-01, drift=8.878470e-01
epoch 50/160: loss=5.337032e-01, drift=9.027525e-01
epoch 51/160: loss=5.082734e-01, drift=8.759512e-01
epoch 52/160: loss=5.210638e-01, drift=8.890066e-01
epoch 53/160: loss=5.356230e-01, drift=9.022112e-01
epoch 54/160: loss=5.134230e-01, drift=8.808495e-01
epoch 55/160: loss=5.253853e-01, drift=8.899559e-01
epoch 56/160: loss=4.955557e-01, drift=8.630805e-01
epoch 57/160: loss=5.165941e-01, drift=8.813729e-01
epoch 58/160: loss=5.046798e-01, drift=8.737381e-01
epoch 59/160: loss=5.084017e-01, drift=8.759714e-01
epoch 60/160: loss=5.195427e-01, drift=8.867291e-01
epoch 61/160: loss=5.201643e-01, drift=8.866483e-01
epoch 62/160: loss=5.077721e-01, drift=8.781974e-01
epoch 63/160: loss=4.935957e-01, drift=8.607869e-01
epoch 64/160: loss=5.435454e-01, drift=9.099188e-01
epoch 65/160: loss=5.092415e-01, drift=8.777338e-01
epoch 66/160: loss=4.957540e-01, drift=8.633830e-01
epoch 67/160: loss=5.196160e-01, drift=8.864214e-01
epoch 68/160: loss=5.048936e-01, drift=8.732746e-01
epoch 69/160: loss=5.210720e-01, drift=8.927317e-01
epoch 70/160: loss=5.233404e-01, drift=8.911886e-01
epoch 71/160: loss=5.065841e-01, drift=8.742909e-01
epoch 72/160: loss=5.140556e-01, drift=8.791920e-01
epoch 73/160: loss=4.996865e-01, drift=8.676976e-01
epoch 74/160: loss=5.054863e-01, drift=8.721120e-01
epoch 75/160: loss=5.150533e-01, drift=8.830029e-01
epoch 76/160: loss=5.201428e-01, drift=8.853408e-01
epoch 77/160: loss=5.228245e-01, drift=8.924805e-01
epoch 78/160: loss=5.000067e-01, drift=8.669935e-01
epoch 79/160: loss=5.230760e-01, drift=8.918192e-01
epoch 80/160: loss=5.133433e-01, drift=8.823066e-01
epoch 81/160: loss=5.070188e-01, drift=8.783709e-01
epoch 82/160: loss=5.338796e-01, drift=9.008616e-01
epoch 83/160: loss=5.153683e-01, drift=8.781955e-01
epoch 84/160: loss=5.147070e-01, drift=8.829146e-01
epoch 85/160: loss=5.180321e-01, drift=8.881651e-01
epoch 86/160: loss=5.073782e-01, drift=8.778075e-01
epoch 87/160: loss=5.141203e-01, drift=8.836412e-01
epoch 88/160: loss=5.178605e-01, drift=8.885308e-01
epoch 89/160: loss=5.160980e-01, drift=8.814912e-01
epoch 90/160: loss=5.189114e-01, drift=8.896393e-01
epoch 91/160: loss=5.233219e-01, drift=8.927365e-01
epoch 92/160: loss=5.124224e-01, drift=8.826176e-01
epoch 93/160: loss=5.218688e-01, drift=8.903577e-01
epoch 94/160: loss=5.111450e-01, drift=8.794653e-01
epoch 95/160: loss=5.326804e-01, drift=8.999058e-01
epoch 96/160: loss=5.308780e-01, drift=8.989715e-01
epoch 97/160: loss=5.228233e-01, drift=8.890938e-01
epoch 98/160: loss=5.257005e-01, drift=8.907336e-01
epoch 99/160: loss=5.182259e-01, drift=8.887044e-01
epoch 100/160: loss=4.958879e-01, drift=8.630640e-01
epoch 101/160: loss=4.993646e-01, drift=8.669152e-01
epoch 102/160: loss=5.181182e-01, drift=8.831272e-01
epoch 103/160: loss=5.177316e-01, drift=8.864330e-01
epoch 104/160: loss=5.084848e-01, drift=8.767980e-01
epoch 105/160: loss=5.118851e-01, drift=8.805193e-01
epoch 106/160: loss=5.143632e-01, drift=8.828216e-01
epoch 107/160: loss=5.040565e-01, drift=8.700252e-01
epoch 108/160: loss=5.194733e-01, drift=8.848388e-01
epoch 109/160: loss=5.139173e-01, drift=8.829763e-01
epoch 110/160: loss=4.961241e-01, drift=8.626882e-01
epoch 111/160: loss=5.265204e-01, drift=8.923978e-01
epoch 112/160: loss=4.862695e-01, drift=8.539930e-01
epoch 113/160: loss=5.245432e-01, drift=8.944666e-01
epoch 114/160: loss=5.285777e-01, drift=8.985075e-01
epoch 115/160: loss=5.092929e-01, drift=8.766471e-01
epoch 116/160: loss=5.214655e-01, drift=8.914731e-01
epoch 117/160: loss=5.298247e-01, drift=8.980862e-01
epoch 118/160: loss=5.164725e-01, drift=8.825879e-01
epoch 119/160: loss=5.007175e-01, drift=8.674644e-01
epoch 120/160: loss=5.148525e-01, drift=8.848045e-01
epoch 121/160: loss=4.991906e-01, drift=8.673926e-01
epoch 122/160: loss=5.350492e-01, drift=8.997493e-01
epoch 123/160: loss=5.165289e-01, drift=8.844691e-01
epoch 124/160: loss=4.951489e-01, drift=8.615224e-01
epoch 125/160: loss=5.221240e-01, drift=8.900690e-01
epoch 126/160: loss=5.038075e-01, drift=8.709393e-01
epoch 127/160: loss=5.141924e-01, drift=8.828015e-01
epoch 128/160: loss=5.174877e-01, drift=8.850199e-01
epoch 129/160: loss=5.209763e-01, drift=8.887382e-01
epoch 130/160: loss=5.164637e-01, drift=8.825272e-01
epoch 131/160: loss=5.099817e-01, drift=8.773523e-01
epoch 132/160: loss=5.059532e-01, drift=8.720104e-01
epoch 133/160: loss=5.152268e-01, drift=8.816794e-01
epoch 134/160: loss=4.908873e-01, drift=8.590998e-01
epoch 135/160: loss=5.187192e-01, drift=8.852411e-01
epoch 136/160: loss=5.240334e-01, drift=8.899822e-01
epoch 137/160: loss=5.207749e-01, drift=8.854469e-01
epoch 138/160: loss=5.292773e-01, drift=8.956065e-01
epoch 139/160: loss=5.265417e-01, drift=8.903898e-01
epoch 140/160: loss=5.392718e-01, drift=9.008093e-01
epoch 141/160: loss=5.074330e-01, drift=8.722502e-01
epoch 142/160: loss=5.244150e-01, drift=8.933481e-01
epoch 143/160: loss=5.249310e-01, drift=8.946875e-01
epoch 144/160: loss=5.115393e-01, drift=8.812960e-01
epoch 145/160: loss=5.120693e-01, drift=8.806941e-01
epoch 146/160: loss=5.267782e-01, drift=8.968577e-01
epoch 147/160: loss=5.242082e-01, drift=8.904155e-01
epoch 148/160: loss=5.293475e-01, drift=9.013058e-01
epoch 149/160: loss=5.304233e-01, drift=8.981351e-01
epoch 150/160: loss=5.092383e-01, drift=8.760511e-01
epoch 151/160: loss=5.045675e-01, drift=8.745366e-01
epoch 152/160: loss=5.119451e-01, drift=8.792005e-01
epoch 153/160: loss=5.145046e-01, drift=8.814344e-01
epoch 154/160: loss=5.132406e-01, drift=8.822835e-01
epoch 155/160: loss=5.169831e-01, drift=8.856879e-01
epoch 156/160: loss=5.366314e-01, drift=9.095891e-01
epoch 157/160: loss=5.090452e-01, drift=8.773033e-01
epoch 158/160: loss=5.104166e-01, drift=8.758236e-01
epoch 159/160: loss=4.927260e-01, drift=8.609388e-01
epoch 160/160: loss=5.062886e-01, drift=8.699227e-01
{
  "checkpoint": "/home/entropy/GitHub/conditional_drifting_models/weights/channel_implants/optfib/optfib2_drifting_residual_soft_local_euclidean_cond0p25_targ1_cbwauto_tbwauto_k16_radauto_mix0p5_raw_ac0_at0_ak16_emb0_seed7.pt",
  "summary": "/home/entropy/GitHub/conditional_drifting_models/weights/channel_implants/optfib/optfib2_drifting_residual_soft_local_euclidean_cond0p25_targ1_cbwauto_tbwauto_k16_radauto_mix0p5_raw_ac0_at0_ak16_emb0_seed7.json"
}
epoch 1/160: loss=8.592311e-01, drift=1.188136e+00
epoch 2/160: loss=8.720201e-01, drift=1.199611e+00
epoch 3/160: loss=8.792253e-01, drift=1.206080e+00
epoch 4/160: loss=9.094383e-01, drift=1.227548e+00
epoch 5/160: loss=9.346466e-01, drift=1.249403e+00
epoch 6/160: loss=8.930338e-01, drift=1.212016e+00
epoch 7/160: loss=9.334642e-01, drift=1.245483e+00
epoch 8/160: loss=9.106749e-01, drift=1.233656e+00
epoch 9/160: loss=9.123782e-01, drift=1.229257e+00
epoch 10/160: loss=8.934996e-01, drift=1.213131e+00
epoch 11/160: loss=9.008643e-01, drift=1.226316e+00
epoch 12/160: loss=9.053233e-01, drift=1.223383e+00
epoch 13/160: loss=9.325267e-01, drift=1.244744e+00
epoch 14/160: loss=9.378311e-01, drift=1.249134e+00
epoch 15/160: loss=8.859970e-01, drift=1.209540e+00
epoch 16/160: loss=9.208830e-01, drift=1.231759e+00
epoch 17/160: loss=9.247120e-01, drift=1.240181e+00
epoch 18/160: loss=9.283832e-01, drift=1.245283e+00
epoch 19/160: loss=8.953129e-01, drift=1.218552e+00
epoch 20/160: loss=8.871884e-01, drift=1.214139e+00
epoch 21/160: loss=9.027135e-01, drift=1.225696e+00
epoch 22/160: loss=9.191175e-01, drift=1.235852e+00
epoch 23/160: loss=9.461973e-01, drift=1.252727e+00
epoch 24/160: loss=9.168984e-01, drift=1.234172e+00
epoch 25/160: loss=9.308506e-01, drift=1.240206e+00
epoch 26/160: loss=8.972149e-01, drift=1.220392e+00
epoch 27/160: loss=9.151730e-01, drift=1.233465e+00
epoch 28/160: loss=9.189866e-01, drift=1.237469e+00
epoch 29/160: loss=8.817094e-01, drift=1.203401e+00
epoch 30/160: loss=9.283005e-01, drift=1.244884e+00
epoch 31/160: loss=9.238444e-01, drift=1.236755e+00
epoch 32/160: loss=9.503594e-01, drift=1.261300e+00
epoch 33/160: loss=9.039136e-01, drift=1.225600e+00
epoch 34/160: loss=8.686257e-01, drift=1.195157e+00
epoch 35/160: loss=9.202552e-01, drift=1.239213e+00
epoch 36/160: loss=9.903929e-01, drift=1.286678e+00
epoch 37/160: loss=9.141849e-01, drift=1.231924e+00
epoch 38/160: loss=8.849216e-01, drift=1.205143e+00
epoch 39/160: loss=9.414463e-01, drift=1.256734e+00
epoch 40/160: loss=9.548675e-01, drift=1.261003e+00
epoch 41/160: loss=8.966219e-01, drift=1.219740e+00
epoch 42/160: loss=9.493519e-01, drift=1.263907e+00
epoch 43/160: loss=8.920192e-01, drift=1.217131e+00
epoch 44/160: loss=8.964348e-01, drift=1.220200e+00
epoch 45/160: loss=9.446673e-01, drift=1.258456e+00
epoch 46/160: loss=9.159665e-01, drift=1.233202e+00
epoch 47/160: loss=8.894480e-01, drift=1.213636e+00
epoch 48/160: loss=8.967448e-01, drift=1.216923e+00
epoch 49/160: loss=9.099128e-01, drift=1.230019e+00
epoch 50/160: loss=9.412412e-01, drift=1.251301e+00
epoch 51/160: loss=8.984975e-01, drift=1.219172e+00
epoch 52/160: loss=9.192786e-01, drift=1.234676e+00
epoch 53/160: loss=9.493569e-01, drift=1.257961e+00
epoch 54/160: loss=8.971854e-01, drift=1.216479e+00
epoch 55/160: loss=9.004662e-01, drift=1.219875e+00
epoch 56/160: loss=8.653055e-01, drift=1.194023e+00
epoch 57/160: loss=9.112140e-01, drift=1.226773e+00
epoch 58/160: loss=8.860542e-01, drift=1.213674e+00
epoch 59/160: loss=8.899626e-01, drift=1.212427e+00
epoch 60/160: loss=9.110231e-01, drift=1.228183e+00
epoch 61/160: loss=9.216694e-01, drift=1.238485e+00
epoch 62/160: loss=8.967327e-01, drift=1.221830e+00
epoch 63/160: loss=8.657670e-01, drift=1.197555e+00
epoch 64/160: loss=9.537655e-01, drift=1.260442e+00
epoch 65/160: loss=8.887471e-01, drift=1.211538e+00
epoch 66/160: loss=8.701602e-01, drift=1.198292e+00
epoch 67/160: loss=9.146118e-01, drift=1.233068e+00
epoch 68/160: loss=8.851897e-01, drift=1.211566e+00
epoch 69/160: loss=9.341639e-01, drift=1.251446e+00
epoch 70/160: loss=9.216504e-01, drift=1.235544e+00
epoch 71/160: loss=9.017405e-01, drift=1.221345e+00
epoch 72/160: loss=8.918637e-01, drift=1.211787e+00
epoch 73/160: loss=8.849022e-01, drift=1.211398e+00
epoch 74/160: loss=8.698604e-01, drift=1.194031e+00
epoch 75/160: loss=8.940921e-01, drift=1.217366e+00
epoch 76/160: loss=9.013962e-01, drift=1.221611e+00
epoch 77/160: loss=9.433224e-01, drift=1.256399e+00
epoch 78/160: loss=8.806217e-01, drift=1.207947e+00
epoch 79/160: loss=9.276736e-01, drift=1.244181e+00
epoch 80/160: loss=9.140012e-01, drift=1.232837e+00
epoch 81/160: loss=9.029469e-01, drift=1.225784e+00
epoch 82/160: loss=9.352765e-01, drift=1.248023e+00
epoch 83/160: loss=8.886208e-01, drift=1.207620e+00
epoch 84/160: loss=9.069297e-01, drift=1.223596e+00
epoch 85/160: loss=9.166453e-01, drift=1.233522e+00
epoch 86/160: loss=8.865430e-01, drift=1.213817e+00
epoch 87/160: loss=9.160015e-01, drift=1.235393e+00
epoch 88/160: loss=9.116801e-01, drift=1.230966e+00
epoch 89/160: loss=8.918650e-01, drift=1.213651e+00
epoch 90/160: loss=9.154141e-01, drift=1.235939e+00
epoch 91/160: loss=9.253783e-01, drift=1.241957e+00
epoch 92/160: loss=9.051710e-01, drift=1.228286e+00
epoch 93/160: loss=9.226575e-01, drift=1.241072e+00
epoch 94/160: loss=8.951785e-01, drift=1.217088e+00
epoch 95/160: loss=9.396626e-01, drift=1.252996e+00
epoch 96/160: loss=9.191056e-01, drift=1.238329e+00
epoch 97/160: loss=9.116935e-01, drift=1.228243e+00
epoch 98/160: loss=9.107880e-01, drift=1.228118e+00
epoch 99/160: loss=9.183761e-01, drift=1.238803e+00
epoch 100/160: loss=8.743587e-01, drift=1.200877e+00
epoch 101/160: loss=8.832492e-01, drift=1.205994e+00
epoch 102/160: loss=9.099543e-01, drift=1.226419e+00
epoch 103/160: loss=9.012195e-01, drift=1.227537e+00
epoch 104/160: loss=8.910562e-01, drift=1.214263e+00
epoch 105/160: loss=9.115028e-01, drift=1.229834e+00
epoch 106/160: loss=9.235041e-01, drift=1.237931e+00
epoch 107/160: loss=8.742771e-01, drift=1.197676e+00
epoch 108/160: loss=9.050061e-01, drift=1.223584e+00
epoch 109/160: loss=9.131056e-01, drift=1.230789e+00
epoch 110/160: loss=8.525770e-01, drift=1.181120e+00
epoch 111/160: loss=9.239888e-01, drift=1.241187e+00
epoch 112/160: loss=8.448349e-01, drift=1.179554e+00
epoch 113/160: loss=9.384055e-01, drift=1.254335e+00
epoch 114/160: loss=9.405998e-01, drift=1.258059e+00
epoch 115/160: loss=8.877095e-01, drift=1.209761e+00
epoch 116/160: loss=9.169253e-01, drift=1.238231e+00
epoch 117/160: loss=9.292304e-01, drift=1.245190e+00
epoch 118/160: loss=8.996040e-01, drift=1.217353e+00
epoch 119/160: loss=8.896714e-01, drift=1.213146e+00
epoch 120/160: loss=9.172297e-01, drift=1.236269e+00
epoch 121/160: loss=8.813239e-01, drift=1.209428e+00
epoch 122/160: loss=9.272450e-01, drift=1.237934e+00
epoch 123/160: loss=9.218326e-01, drift=1.240000e+00
epoch 124/160: loss=8.621329e-01, drift=1.189166e+00
epoch 125/160: loss=9.194675e-01, drift=1.234460e+00
epoch 126/160: loss=8.847130e-01, drift=1.212632e+00
epoch 127/160: loss=9.069649e-01, drift=1.223934e+00
epoch 128/160: loss=9.107906e-01, drift=1.229536e+00
epoch 129/160: loss=9.176633e-01, drift=1.233785e+00
epoch 130/160: loss=9.167926e-01, drift=1.233010e+00
epoch 131/160: loss=9.033412e-01, drift=1.221900e+00
epoch 132/160: loss=8.688764e-01, drift=1.193048e+00
epoch 133/160: loss=8.897480e-01, drift=1.215218e+00
epoch 134/160: loss=8.572513e-01, drift=1.191469e+00
epoch 135/160: loss=9.093532e-01, drift=1.226637e+00
epoch 136/160: loss=9.300539e-01, drift=1.242944e+00
epoch 137/160: loss=9.043227e-01, drift=1.223700e+00
epoch 138/160: loss=9.344978e-01, drift=1.247754e+00
epoch 139/160: loss=9.157315e-01, drift=1.229898e+00
epoch 140/160: loss=9.289688e-01, drift=1.236412e+00
epoch 141/160: loss=8.805768e-01, drift=1.204323e+00
epoch 142/160: loss=9.345379e-01, drift=1.247772e+00
epoch 143/160: loss=9.190854e-01, drift=1.237937e+00
epoch 144/160: loss=9.115601e-01, drift=1.225598e+00
epoch 145/160: loss=8.946348e-01, drift=1.216901e+00
epoch 146/160: loss=9.297416e-01, drift=1.247799e+00
epoch 147/160: loss=9.090493e-01, drift=1.221040e+00
epoch 148/160: loss=9.450508e-01, drift=1.257927e+00
epoch 149/160: loss=9.244496e-01, drift=1.238244e+00
epoch 150/160: loss=8.930175e-01, drift=1.213192e+00
epoch 151/160: loss=8.990863e-01, drift=1.223042e+00
epoch 152/160: loss=9.103477e-01, drift=1.228394e+00
epoch 153/160: loss=8.948840e-01, drift=1.215136e+00
epoch 154/160: loss=8.990134e-01, drift=1.222802e+00
epoch 155/160: loss=9.056743e-01, drift=1.226425e+00
epoch 156/160: loss=9.554171e-01, drift=1.268103e+00
epoch 157/160: loss=8.838507e-01, drift=1.209903e+00
epoch 158/160: loss=8.855159e-01, drift=1.207950e+00
epoch 159/160: loss=8.661083e-01, drift=1.195766e+00
epoch 160/160: loss=8.793159e-01, drift=1.201823e+00
{
  "checkpoint": "/home/entropy/GitHub/conditional_drifting_models/weights/channel_implants/optfib/optfib2_drifting_residual_local_euclidean_cond0p25_targ1_cbwauto_tbwauto_k16_radauto_mix0p5_raw_ac0_at0_ak16_emb0_seed7.pt",
  "summary": "/home/entropy/GitHub/conditional_drifting_models/weights/channel_implants/optfib/optfib2_drifting_residual_local_euclidean_cond0p25_targ1_cbwauto_tbwauto_k16_radauto_mix0p5_raw_ac0_at0_ak16_emb0_seed7.json"
}
epoch 1/160: loss=4.525564e-03, drift=7.797221e-02
epoch 2/160: loss=4.935379e-03, drift=7.612659e-02
epoch 3/160: loss=4.935286e-03, drift=7.597165e-02
epoch 4/160: loss=4.719499e-03, drift=7.501961e-02
epoch 5/160: loss=4.414093e-03, drift=7.315173e-02
epoch 6/160: loss=4.547852e-03, drift=7.445804e-02
epoch 7/160: loss=4.538658e-03, drift=7.389855e-02
epoch 8/160: loss=4.539070e-03, drift=7.436943e-02
epoch 9/160: loss=4.429826e-03, drift=7.289361e-02
epoch 10/160: loss=4.641642e-03, drift=7.436644e-02
epoch 11/160: loss=4.572766e-03, drift=7.417545e-02
epoch 12/160: loss=4.735011e-03, drift=7.520225e-02
epoch 13/160: loss=4.526129e-03, drift=7.388048e-02
epoch 14/160: loss=4.542849e-03, drift=7.305868e-02
epoch 15/160: loss=4.930149e-03, drift=7.571791e-02
epoch 16/160: loss=5.054595e-03, drift=7.546958e-02
epoch 17/160: loss=4.848044e-03, drift=7.483762e-02
epoch 18/160: loss=4.963358e-03, drift=7.613734e-02
epoch 19/160: loss=4.787815e-03, drift=7.533084e-02
epoch 20/160: loss=4.865929e-03, drift=7.492433e-02
epoch 21/160: loss=4.954065e-03, drift=7.550326e-02
epoch 22/160: loss=4.864805e-03, drift=7.364160e-02
epoch 23/160: loss=5.108669e-03, drift=7.598994e-02
epoch 24/160: loss=4.946987e-03, drift=7.561407e-02
epoch 25/160: loss=4.991538e-03, drift=7.526112e-02
epoch 26/160: loss=4.934162e-03, drift=7.488135e-02
epoch 27/160: loss=4.827917e-03, drift=7.535118e-02
epoch 28/160: loss=4.835498e-03, drift=7.457620e-02
epoch 29/160: loss=5.021538e-03, drift=7.567686e-02
epoch 30/160: loss=5.001080e-03, drift=7.572588e-02
epoch 31/160: loss=5.134169e-03, drift=7.585359e-02
epoch 32/160: loss=5.154463e-03, drift=7.662900e-02
epoch 33/160: loss=5.007330e-03, drift=7.620602e-02
epoch 34/160: loss=4.855831e-03, drift=7.416725e-02
epoch 35/160: loss=5.046267e-03, drift=7.602324e-02
epoch 36/160: loss=4.899408e-03, drift=7.475632e-02
epoch 37/160: loss=4.874954e-03, drift=7.381569e-02
epoch 38/160: loss=5.073816e-03, drift=7.705414e-02
epoch 39/160: loss=4.897291e-03, drift=7.515763e-02
epoch 40/160: loss=4.897603e-03, drift=7.474591e-02
epoch 41/160: loss=4.702221e-03, drift=7.426190e-02
epoch 42/160: loss=4.645449e-03, drift=7.451640e-02
epoch 43/160: loss=4.792550e-03, drift=7.449334e-02
epoch 44/160: loss=4.884858e-03, drift=7.568296e-02
epoch 45/160: loss=4.809357e-03, drift=7.555113e-02
epoch 46/160: loss=4.697871e-03, drift=7.384517e-02
epoch 47/160: loss=4.868865e-03, drift=7.572997e-02
epoch 48/160: loss=4.804756e-03, drift=7.497581e-02
epoch 49/160: loss=4.979298e-03, drift=7.762611e-02
epoch 50/160: loss=4.821039e-03, drift=7.426565e-02
epoch 51/160: loss=4.479433e-03, drift=7.267009e-02
epoch 52/160: loss=4.487395e-03, drift=7.281138e-02
epoch 53/160: loss=4.671792e-03, drift=7.397844e-02
epoch 54/160: loss=4.547870e-03, drift=7.374452e-02
epoch 55/160: loss=4.429064e-03, drift=7.282378e-02
epoch 56/160: loss=4.655097e-03, drift=7.380605e-02
epoch 57/160: loss=4.739044e-03, drift=7.520367e-02
epoch 58/160: loss=4.574409e-03, drift=7.451710e-02
epoch 59/160: loss=4.613231e-03, drift=7.409461e-02
epoch 60/160: loss=4.569901e-03, drift=7.384711e-02
epoch 61/160: loss=4.541244e-03, drift=7.365843e-02
epoch 62/160: loss=4.506591e-03, drift=7.436968e-02
epoch 63/160: loss=4.545570e-03, drift=7.386045e-02
epoch 64/160: loss=4.634482e-03, drift=7.538860e-02
epoch 65/160: loss=4.426724e-03, drift=7.270794e-02
epoch 66/160: loss=4.657392e-03, drift=7.511107e-02
epoch 67/160: loss=4.651409e-03, drift=7.561953e-02
epoch 68/160: loss=4.575581e-03, drift=7.466286e-02
epoch 69/160: loss=4.546750e-03, drift=7.373086e-02
epoch 70/160: loss=4.594331e-03, drift=7.439566e-02
epoch 71/160: loss=4.626223e-03, drift=7.378179e-02
epoch 72/160: loss=4.638908e-03, drift=7.408198e-02
epoch 73/160: loss=4.321143e-03, drift=7.120984e-02
epoch 74/160: loss=4.711988e-03, drift=7.494038e-02
epoch 75/160: loss=4.624576e-03, drift=7.415701e-02
epoch 76/160: loss=4.563523e-03, drift=7.380857e-02
epoch 77/160: loss=4.466215e-03, drift=7.261249e-02
epoch 78/160: loss=4.553961e-03, drift=7.370594e-02
epoch 79/160: loss=4.534008e-03, drift=7.350612e-02
epoch 80/160: loss=4.406878e-03, drift=7.356139e-02
epoch 81/160: loss=4.528233e-03, drift=7.397095e-02
epoch 82/160: loss=4.421214e-03, drift=7.308786e-02
epoch 83/160: loss=4.629592e-03, drift=7.482639e-02
epoch 84/160: loss=4.462914e-03, drift=7.406485e-02
epoch 85/160: loss=4.502278e-03, drift=7.252087e-02
epoch 86/160: loss=4.677757e-03, drift=7.413059e-02
epoch 87/160: loss=4.419140e-03, drift=7.311777e-02
epoch 88/160: loss=4.365937e-03, drift=7.228160e-02
epoch 89/160: loss=4.417645e-03, drift=7.231463e-02
epoch 90/160: loss=4.446407e-03, drift=7.242628e-02
epoch 91/160: loss=4.524739e-03, drift=7.352116e-02
epoch 92/160: loss=4.491941e-03, drift=7.404075e-02
epoch 93/160: loss=4.435095e-03, drift=7.291629e-02
epoch 94/160: loss=4.518869e-03, drift=7.401350e-02
epoch 95/160: loss=4.401798e-03, drift=7.214276e-02
epoch 96/160: loss=4.530537e-03, drift=7.419477e-02
epoch 97/160: loss=4.478755e-03, drift=7.336647e-02
epoch 98/160: loss=4.332904e-03, drift=7.163904e-02
epoch 99/160: loss=4.434385e-03, drift=7.342480e-02
epoch 100/160: loss=4.594288e-03, drift=7.439774e-02
epoch 101/160: loss=4.423160e-03, drift=7.210392e-02
epoch 102/160: loss=4.622488e-03, drift=7.397488e-02
epoch 103/160: loss=4.672201e-03, drift=7.438339e-02
epoch 104/160: loss=4.609991e-03, drift=7.432213e-02
epoch 105/160: loss=4.522734e-03, drift=7.495234e-02
epoch 106/160: loss=4.594683e-03, drift=7.429143e-02
epoch 107/160: loss=4.562950e-03, drift=7.469392e-02
epoch 108/160: loss=4.657593e-03, drift=7.519227e-02
epoch 109/160: loss=4.769497e-03, drift=7.523889e-02
epoch 110/160: loss=4.528912e-03, drift=7.270115e-02
epoch 111/160: loss=4.724845e-03, drift=7.563376e-02
epoch 112/160: loss=4.399765e-03, drift=7.231990e-02
epoch 113/160: loss=4.490747e-03, drift=7.321575e-02
epoch 114/160: loss=4.529659e-03, drift=7.287304e-02
epoch 115/160: loss=4.453035e-03, drift=7.188228e-02
epoch 116/160: loss=4.474451e-03, drift=7.279893e-02
epoch 117/160: loss=4.540269e-03, drift=7.340738e-02
epoch 118/160: loss=4.536087e-03, drift=7.249839e-02
epoch 119/160: loss=4.488921e-03, drift=7.345583e-02
epoch 120/160: loss=4.462261e-03, drift=7.268950e-02
epoch 121/160: loss=4.606177e-03, drift=7.365250e-02
epoch 122/160: loss=4.556042e-03, drift=7.224224e-02
epoch 123/160: loss=4.638634e-03, drift=7.349611e-02
epoch 124/160: loss=4.426165e-03, drift=7.269021e-02
epoch 125/160: loss=4.518236e-03, drift=7.277257e-02
epoch 126/160: loss=4.577281e-03, drift=7.488639e-02
epoch 127/160: loss=4.470849e-03, drift=7.277278e-02
epoch 128/160: loss=4.344521e-03, drift=7.163820e-02
epoch 129/160: loss=4.527760e-03, drift=7.411885e-02
epoch 130/160: loss=4.475035e-03, drift=7.298786e-02
epoch 131/160: loss=4.598596e-03, drift=7.420942e-02
epoch 132/160: loss=4.581424e-03, drift=7.384628e-02
epoch 133/160: loss=4.381603e-03, drift=7.237843e-02
epoch 134/160: loss=4.332295e-03, drift=7.122582e-02
epoch 135/160: loss=4.538509e-03, drift=7.330154e-02
epoch 136/160: loss=4.576270e-03, drift=7.294739e-02
epoch 137/160: loss=4.574265e-03, drift=7.355122e-02
epoch 138/160: loss=4.432736e-03, drift=7.305422e-02
epoch 139/160: loss=4.487138e-03, drift=7.304824e-02
epoch 140/160: loss=4.492512e-03, drift=7.313874e-02
epoch 141/160: loss=4.581428e-03, drift=7.447615e-02
epoch 142/160: loss=4.427922e-03, drift=7.201876e-02
epoch 143/160: loss=4.392480e-03, drift=7.285301e-02
epoch 144/160: loss=4.343568e-03, drift=7.241810e-02
epoch 145/160: loss=4.459903e-03, drift=7.270872e-02
epoch 146/160: loss=4.374746e-03, drift=7.258005e-02
epoch 147/160: loss=4.506175e-03, drift=7.255470e-02
epoch 148/160: loss=4.405615e-03, drift=7.186136e-02
epoch 149/160: loss=4.672877e-03, drift=7.542753e-02
epoch 150/160: loss=4.447817e-03, drift=7.301309e-02
epoch 151/160: loss=4.627633e-03, drift=7.404481e-02
epoch 152/160: loss=4.667398e-03, drift=7.385891e-02
epoch 153/160: loss=4.715769e-03, drift=7.516751e-02
epoch 154/160: loss=4.724255e-03, drift=7.541652e-02
epoch 155/160: loss=4.485683e-03, drift=7.309535e-02
epoch 156/160: loss=4.635621e-03, drift=7.491967e-02
epoch 157/160: loss=4.432314e-03, drift=7.300869e-02
epoch 158/160: loss=4.457418e-03, drift=7.305330e-02
epoch 159/160: loss=4.415550e-03, drift=7.255361e-02
epoch 160/160: loss=4.388217e-03, drift=7.178510e-02
{
  "checkpoint": "/home/entropy/GitHub/conditional_drifting_models/weights/channel_implants/optfib/optfib2_drifting_residual_mixture_euclidean_cond0p25_targ1_cbwauto_tbwauto_k32_radauto_mix0p3_raw_ac0_at0_ak16_emb0_seed7.pt",
  "summary": "/home/entropy/GitHub/conditional_drifting_models/weights/channel_implants/optfib/optfib2_drifting_residual_mixture_euclidean_cond0p25_targ1_cbwauto_tbwauto_k32_radauto_mix0p3_raw_ac0_at0_ak16_emb0_seed7.json"
}
epoch 1/160: loss=1.616218e-02, drift=1.234866e-01
epoch 2/160: loss=1.652180e-02, drift=1.242809e-01
epoch 3/160: loss=1.661726e-02, drift=1.236620e-01
epoch 4/160: loss=1.754537e-02, drift=1.234803e-01
epoch 5/160: loss=1.825975e-02, drift=1.226902e-01
epoch 6/160: loss=1.871604e-02, drift=1.169711e-01
epoch 7/160: loss=1.919558e-02, drift=1.156189e-01
epoch 8/160: loss=1.894813e-02, drift=1.143236e-01
epoch 9/160: loss=1.869058e-02, drift=1.139906e-01
epoch 10/160: loss=1.838474e-02, drift=1.134108e-01
epoch 11/160: loss=1.881452e-02, drift=1.135488e-01
epoch 12/160: loss=1.888008e-02, drift=1.135307e-01
epoch 13/160: loss=1.811992e-02, drift=1.128344e-01
epoch 14/160: loss=1.785496e-02, drift=1.120551e-01
epoch 15/160: loss=1.816911e-02, drift=1.123994e-01
epoch 16/160: loss=1.834546e-02, drift=1.124494e-01
epoch 17/160: loss=1.802979e-02, drift=1.123902e-01
epoch 18/160: loss=1.806077e-02, drift=1.129696e-01
epoch 19/160: loss=1.769407e-02, drift=1.121754e-01
epoch 20/160: loss=1.759839e-02, drift=1.116806e-01
epoch 21/160: loss=1.813404e-02, drift=1.124995e-01
epoch 22/160: loss=1.808055e-02, drift=1.128595e-01
epoch 23/160: loss=1.770965e-02, drift=1.116197e-01
epoch 24/160: loss=1.753361e-02, drift=1.114317e-01
epoch 25/160: loss=1.792170e-02, drift=1.124291e-01
epoch 26/160: loss=1.852387e-02, drift=1.136237e-01
epoch 27/160: loss=1.776902e-02, drift=1.126978e-01
epoch 28/160: loss=1.794643e-02, drift=1.125323e-01
epoch 29/160: loss=1.806176e-02, drift=1.125727e-01
epoch 30/160: loss=1.797052e-02, drift=1.129640e-01
epoch 31/160: loss=1.801220e-02, drift=1.126607e-01
epoch 32/160: loss=1.824788e-02, drift=1.130183e-01
epoch 33/160: loss=1.786125e-02, drift=1.121111e-01
epoch 34/160: loss=1.818774e-02, drift=1.129200e-01
epoch 35/160: loss=1.787842e-02, drift=1.124194e-01
epoch 36/160: loss=1.830131e-02, drift=1.131832e-01
epoch 37/160: loss=1.804762e-02, drift=1.127848e-01
epoch 38/160: loss=1.789042e-02, drift=1.127732e-01
epoch 39/160: loss=1.833521e-02, drift=1.130615e-01
epoch 40/160: loss=1.787871e-02, drift=1.123236e-01
epoch 41/160: loss=1.770030e-02, drift=1.117419e-01
epoch 42/160: loss=1.809743e-02, drift=1.131072e-01
epoch 43/160: loss=1.839407e-02, drift=1.132633e-01
epoch 44/160: loss=1.803931e-02, drift=1.128317e-01
epoch 45/160: loss=1.799280e-02, drift=1.126468e-01
epoch 46/160: loss=1.826958e-02, drift=1.132044e-01
epoch 47/160: loss=1.801416e-02, drift=1.127228e-01
epoch 48/160: loss=1.833252e-02, drift=1.133587e-01
epoch 49/160: loss=1.786134e-02, drift=1.119720e-01
epoch 50/160: loss=1.848767e-02, drift=1.135270e-01
epoch 51/160: loss=1.820445e-02, drift=1.133437e-01
epoch 52/160: loss=1.801660e-02, drift=1.127427e-01
epoch 53/160: loss=1.800824e-02, drift=1.123038e-01
epoch 54/160: loss=1.786231e-02, drift=1.125554e-01
epoch 55/160: loss=1.826669e-02, drift=1.132600e-01
epoch 56/160: loss=1.822399e-02, drift=1.131127e-01
epoch 57/160: loss=1.797584e-02, drift=1.128728e-01
epoch 58/160: loss=1.817543e-02, drift=1.123162e-01
epoch 59/160: loss=1.794250e-02, drift=1.123894e-01
epoch 60/160: loss=1.806031e-02, drift=1.122290e-01
epoch 61/160: loss=1.811060e-02, drift=1.127351e-01
epoch 62/160: loss=1.816119e-02, drift=1.129422e-01
epoch 63/160: loss=1.828805e-02, drift=1.128118e-01
epoch 64/160: loss=1.818253e-02, drift=1.130255e-01
epoch 65/160: loss=1.856308e-02, drift=1.133014e-01
epoch 66/160: loss=1.848125e-02, drift=1.133011e-01
epoch 67/160: loss=1.791512e-02, drift=1.122828e-01
epoch 68/160: loss=1.825816e-02, drift=1.126637e-01
epoch 69/160: loss=1.828039e-02, drift=1.128639e-01
epoch 70/160: loss=1.809957e-02, drift=1.121714e-01
epoch 71/160: loss=1.825962e-02, drift=1.119239e-01
epoch 72/160: loss=1.846653e-02, drift=1.132978e-01
epoch 73/160: loss=1.824658e-02, drift=1.124049e-01
epoch 74/160: loss=1.825737e-02, drift=1.127130e-01
epoch 75/160: loss=1.818788e-02, drift=1.121341e-01
epoch 76/160: loss=1.828812e-02, drift=1.131830e-01
epoch 77/160: loss=1.796301e-02, drift=1.124920e-01
epoch 78/160: loss=1.792775e-02, drift=1.121665e-01
epoch 79/160: loss=1.786326e-02, drift=1.121055e-01
epoch 80/160: loss=1.843116e-02, drift=1.136420e-01
epoch 81/160: loss=1.791074e-02, drift=1.123658e-01
epoch 82/160: loss=1.810587e-02, drift=1.129335e-01
epoch 83/160: loss=1.804179e-02, drift=1.130566e-01
epoch 84/160: loss=1.829003e-02, drift=1.130027e-01
epoch 85/160: loss=1.846106e-02, drift=1.125821e-01
epoch 86/160: loss=1.820129e-02, drift=1.127349e-01
epoch 87/160: loss=1.844038e-02, drift=1.135825e-01
epoch 88/160: loss=1.806696e-02, drift=1.126812e-01
epoch 89/160: loss=1.860793e-02, drift=1.135972e-01
epoch 90/160: loss=1.852917e-02, drift=1.130101e-01
epoch 91/160: loss=1.839783e-02, drift=1.130333e-01
epoch 92/160: loss=1.856977e-02, drift=1.134127e-01
epoch 93/160: loss=1.855127e-02, drift=1.125849e-01
epoch 94/160: loss=1.857215e-02, drift=1.135227e-01
epoch 95/160: loss=1.800776e-02, drift=1.122549e-01
epoch 96/160: loss=1.850764e-02, drift=1.131897e-01
epoch 97/160: loss=1.840731e-02, drift=1.126953e-01
epoch 98/160: loss=1.822055e-02, drift=1.125575e-01
epoch 99/160: loss=1.807982e-02, drift=1.123998e-01
epoch 100/160: loss=1.821826e-02, drift=1.123443e-01
epoch 101/160: loss=1.848039e-02, drift=1.135450e-01
epoch 102/160: loss=1.842619e-02, drift=1.127358e-01
epoch 103/160: loss=1.898858e-02, drift=1.138921e-01
epoch 104/160: loss=1.829028e-02, drift=1.128938e-01
epoch 105/160: loss=1.853781e-02, drift=1.135763e-01
epoch 106/160: loss=1.864121e-02, drift=1.133354e-01
epoch 107/160: loss=1.832593e-02, drift=1.123293e-01
epoch 108/160: loss=1.829218e-02, drift=1.125994e-01
epoch 109/160: loss=1.879625e-02, drift=1.136445e-01
epoch 110/160: loss=1.839159e-02, drift=1.130174e-01
epoch 111/160: loss=1.865250e-02, drift=1.134457e-01
epoch 112/160: loss=1.829705e-02, drift=1.128883e-01
epoch 113/160: loss=1.852354e-02, drift=1.133689e-01
epoch 114/160: loss=1.847543e-02, drift=1.129712e-01
epoch 115/160: loss=1.839166e-02, drift=1.131018e-01
epoch 116/160: loss=1.833270e-02, drift=1.131555e-01
epoch 117/160: loss=1.836385e-02, drift=1.131071e-01
epoch 118/160: loss=1.858222e-02, drift=1.131014e-01
epoch 119/160: loss=1.850398e-02, drift=1.133016e-01
epoch 120/160: loss=1.843540e-02, drift=1.131737e-01
epoch 121/160: loss=1.830644e-02, drift=1.127056e-01
epoch 122/160: loss=1.896016e-02, drift=1.136276e-01
epoch 123/160: loss=1.859370e-02, drift=1.129300e-01
epoch 124/160: loss=1.821659e-02, drift=1.127758e-01
epoch 125/160: loss=1.831743e-02, drift=1.125864e-01
epoch 126/160: loss=1.830185e-02, drift=1.126372e-01
epoch 127/160: loss=1.818793e-02, drift=1.122149e-01
epoch 128/160: loss=1.838597e-02, drift=1.125453e-01
epoch 129/160: loss=1.831167e-02, drift=1.126531e-01
epoch 130/160: loss=1.834709e-02, drift=1.123085e-01
epoch 131/160: loss=1.823608e-02, drift=1.123189e-01
epoch 132/160: loss=1.830075e-02, drift=1.127180e-01
epoch 133/160: loss=1.845776e-02, drift=1.131967e-01
epoch 134/160: loss=1.844159e-02, drift=1.128025e-01
epoch 135/160: loss=1.843635e-02, drift=1.128292e-01
epoch 136/160: loss=1.838855e-02, drift=1.131267e-01
epoch 137/160: loss=1.853726e-02, drift=1.131453e-01
epoch 138/160: loss=1.870508e-02, drift=1.130904e-01
epoch 139/160: loss=1.862207e-02, drift=1.129395e-01
epoch 140/160: loss=1.824311e-02, drift=1.126191e-01
epoch 141/160: loss=1.837744e-02, drift=1.127464e-01
epoch 142/160: loss=1.847086e-02, drift=1.127727e-01
epoch 143/160: loss=1.829004e-02, drift=1.129002e-01
epoch 144/160: loss=1.838716e-02, drift=1.128375e-01
epoch 145/160: loss=1.831184e-02, drift=1.123737e-01
epoch 146/160: loss=1.861622e-02, drift=1.128825e-01
epoch 147/160: loss=1.839831e-02, drift=1.129247e-01
epoch 148/160: loss=1.825341e-02, drift=1.125973e-01
epoch 149/160: loss=1.812706e-02, drift=1.127744e-01
epoch 150/160: loss=1.838409e-02, drift=1.126054e-01
epoch 151/160: loss=1.859142e-02, drift=1.127727e-01
epoch 152/160: loss=1.873680e-02, drift=1.127975e-01
epoch 153/160: loss=1.866135e-02, drift=1.131086e-01
epoch 154/160: loss=1.861194e-02, drift=1.132963e-01
epoch 155/160: loss=1.809938e-02, drift=1.123850e-01
epoch 156/160: loss=1.850416e-02, drift=1.128315e-01
epoch 157/160: loss=1.795540e-02, drift=1.118137e-01
epoch 158/160: loss=1.821795e-02, drift=1.125368e-01
epoch 159/160: loss=1.871651e-02, drift=1.131318e-01
epoch 160/160: loss=1.834787e-02, drift=1.123922e-01
{
  "checkpoint": "/home/entropy/GitHub/conditional_drifting_models/weights/channel_implants/optfib/optfib2_drifting_residual_product_whitened_cond0p25_targ1_cbwauto_tbwauto_k32_radauto_mix0p5_raw_ac1_at1_ak8_emb8_seed7.pt",
  "summary": "/home/entropy/GitHub/conditional_drifting_models/weights/channel_implants/optfib/optfib2_drifting_residual_product_whitened_cond0p25_targ1_cbwauto_tbwauto_k32_radauto_mix0p5_raw_ac1_at1_ak8_emb8_seed7.json"
}
epoch 1/30: loss=2.344027e+00, train_ser=8.047950e-01, eval_ser=skipped
epoch 2/30: loss=2.185313e+00, train_ser=6.513740e-01, eval_ser=0.8329500404000282
epoch 3/30: loss=3.193885e+00, train_ser=7.542520e-01, eval_ser=skipped
epoch 4/30: loss=1.428694e+00, train_ser=5.101710e-01, eval_ser=0.5033800229430199
epoch 5/30: loss=1.185969e+00, train_ser=4.688820e-01, eval_ser=skipped
epoch 6/30: loss=1.028236e+00, train_ser=3.611730e-01, eval_ser=0.4762000240385532
epoch 7/30: loss=1.249717e+00, train_ser=4.765830e-01, eval_ser=skipped
epoch 8/30: loss=2.585851e+00, train_ser=6.034430e-01, eval_ser=0.608290029168129
epoch 9/30: loss=1.367327e+00, train_ser=5.389690e-01, eval_ser=skipped
epoch 10/30: loss=1.227753e+00, train_ser=4.753420e-01, eval_ser=0.4996300223469734
epoch 11/30: loss=1.278966e+00, train_ser=4.806400e-01, eval_ser=skipped
epoch 12/30: loss=1.314074e+00, train_ser=5.357910e-01, eval_ser=0.3393300162255764
epoch 13/30: loss=1.440977e+00, train_ser=4.978440e-01, eval_ser=skipped
epoch 14/30: loss=1.102894e+00, train_ser=3.871290e-01, eval_ser=0.5482700261473655
epoch 15/30: loss=9.136600e-01, train_ser=3.335710e-01, eval_ser=skipped
epoch 16/30: loss=1.244555e+00, train_ser=5.049030e-01, eval_ser=0.5957000279426574
epoch 17/30: loss=4.818443e+00, train_ser=7.541790e-01, eval_ser=skipped
epoch 18/30: loss=1.520835e+00, train_ser=5.729460e-01, eval_ser=0.4488600207865238
epoch 19/30: loss=1.246466e+00, train_ser=4.946980e-01, eval_ser=skipped
epoch 20/30: loss=1.114657e+00, train_ser=4.607500e-01, eval_ser=0.35766001641750333
epoch 21/30: loss=1.086841e+00, train_ser=4.732310e-01, eval_ser=skipped
epoch 22/30: loss=2.110656e+01, train_ser=7.371860e-01, eval_ser=0.8004600402712821
epoch 23/30: loss=8.325359e+00, train_ser=7.377970e-01, eval_ser=skipped
epoch 24/30: loss=1.391120e+00, train_ser=5.530410e-01, eval_ser=0.4019500191509724
epoch 25/30: loss=2.284986e+00, train_ser=6.797820e-01, eval_ser=skipped
epoch 26/30: loss=1.730015e+00, train_ser=6.223420e-01, eval_ser=0.49566002309322355
epoch 27/30: loss=2.317877e+00, train_ser=7.298260e-01, eval_ser=skipped
epoch 28/30: loss=1.833438e+00, train_ser=6.556410e-01, eval_ser=0.7014600309729576
epoch 29/30: loss=2.533369e+00, train_ser=7.193320e-01, eval_ser=skipped
epoch 30/30: loss=2.360333e+00, train_ser=7.043140e-01, eval_ser=0.8002100372314453
{
  "out_dir": "/home/entropy/GitHub/conditional_drifting_models/results/symbolic_optfib_fullbudget_20260324/analytic_to_analytic",
  "summary": "/home/entropy/GitHub/conditional_drifting_models/results/symbolic_optfib_fullbudget_20260324/analytic_to_analytic/summary.json"
}
epoch 1/30: loss=1.675383e+00, train_ser=5.917000e-01, eval_ser=skipped
epoch 2/30: loss=1.106952e+00, train_ser=3.676060e-01, eval_ser=0.299450014308095
epoch 3/30: loss=1.021816e+00, train_ser=3.462990e-01, eval_ser=skipped
epoch 4/30: loss=9.823201e-01, train_ser=3.373840e-01, eval_ser=0.2732300120592117
epoch 5/30: loss=9.535717e-01, train_ser=3.292950e-01, eval_ser=skipped
epoch 6/30: loss=9.301665e-01, train_ser=3.265480e-01, eval_ser=0.29302001297473906
epoch 7/30: loss=9.175972e-01, train_ser=3.270320e-01, eval_ser=skipped
epoch 8/30: loss=8.997710e-01, train_ser=3.247940e-01, eval_ser=0.2647500117123127
epoch 9/30: loss=8.916500e-01, train_ser=3.261170e-01, eval_ser=skipped
epoch 10/30: loss=8.798563e-01, train_ser=3.223330e-01, eval_ser=0.2893100127577782
epoch 11/30: loss=8.728338e-01, train_ser=3.224460e-01, eval_ser=skipped
epoch 12/30: loss=8.626887e-01, train_ser=3.214960e-01, eval_ser=0.2790000122785568
epoch 13/30: loss=8.511367e-01, train_ser=3.186760e-01, eval_ser=skipped
epoch 14/30: loss=8.409520e-01, train_ser=3.176310e-01, eval_ser=0.27265001252293586
epoch 15/30: loss=7.757291e-01, train_ser=2.778660e-01, eval_ser=skipped
epoch 16/30: loss=7.374782e-01, train_ser=2.686100e-01, eval_ser=0.238330010920763
epoch 17/30: loss=7.074117e-01, train_ser=2.458490e-01, eval_ser=skipped
epoch 18/30: loss=6.608490e-01, train_ser=2.221270e-01, eval_ser=0.18855000887066126
epoch 19/30: loss=6.506366e-01, train_ser=2.205500e-01, eval_ser=skipped
epoch 20/30: loss=6.455194e-01, train_ser=2.201310e-01, eval_ser=0.1965400095283985
epoch 21/30: loss=6.401146e-01, train_ser=2.200570e-01, eval_ser=skipped
epoch 22/30: loss=6.340402e-01, train_ser=2.192610e-01, eval_ser=0.1838600080832839
epoch 23/30: loss=6.331235e-01, train_ser=2.216240e-01, eval_ser=skipped
epoch 24/30: loss=6.340528e-01, train_ser=2.232300e-01, eval_ser=0.17052000768482686
epoch 25/30: loss=6.204825e-01, train_ser=2.172500e-01, eval_ser=skipped
epoch 26/30: loss=6.231206e-01, train_ser=2.196150e-01, eval_ser=0.19172000866383315
epoch 27/30: loss=6.169699e-01, train_ser=2.171400e-01, eval_ser=skipped
epoch 28/30: loss=6.180701e-01, train_ser=2.174180e-01, eval_ser=0.165630007609725
epoch 29/30: loss=6.183596e-01, train_ser=2.187820e-01, eval_ser=skipped
epoch 30/30: loss=6.165637e-01, train_ser=2.179620e-01, eval_ser=0.19465000875294208
{
  "out_dir": "/home/entropy/GitHub/conditional_drifting_models/results/symbolic_optfib_fullbudget_20260324/wgan_to_analytic",
  "summary": "/home/entropy/GitHub/conditional_drifting_models/results/symbolic_optfib_fullbudget_20260324/wgan_to_analytic/summary.json"
}
epoch 1/30: loss=1.572444e+00, train_ser=5.367920e-01, eval_ser=skipped
epoch 2/30: loss=8.723628e-01, train_ser=3.216590e-01, eval_ser=0.3164200147986412
epoch 3/30: loss=6.582162e-01, train_ser=2.769250e-01, eval_ser=skipped
epoch 4/30: loss=4.472848e-01, train_ser=1.895900e-01, eval_ser=0.1263100055605173
epoch 5/30: loss=2.424692e-01, train_ser=1.029820e-01, eval_ser=skipped
epoch 6/30: loss=1.523880e-01, train_ser=7.102800e-02, eval_ser=0.06548000218346715
epoch 7/30: loss=1.334036e-01, train_ser=6.951000e-02, eval_ser=skipped
epoch 8/30: loss=9.044395e-02, train_ser=3.516700e-02, eval_ser=0.002680000108666718
epoch 9/30: loss=5.141256e-02, train_ser=8.123000e-03, eval_ser=skipped
epoch 10/30: loss=4.220880e-02, train_ser=6.855000e-03, eval_ser=0.006920000257669017
epoch 11/30: loss=4.531971e-02, train_ser=9.350000e-03, eval_ser=skipped
epoch 12/30: loss=4.149385e-02, train_ser=7.405000e-03, eval_ser=0.006200000295648351
epoch 13/30: loss=3.964316e-02, train_ser=6.776000e-03, eval_ser=skipped
epoch 14/30: loss=3.444566e-02, train_ser=6.045000e-03, eval_ser=0.005270000259624794
epoch 15/30: loss=4.175907e-02, train_ser=8.117000e-03, eval_ser=skipped
epoch 16/30: loss=3.824129e-02, train_ser=7.482000e-03, eval_ser=0.005250000272644684
epoch 17/30: loss=4.091883e-02, train_ser=7.876000e-03, eval_ser=skipped
epoch 18/30: loss=3.799787e-02, train_ser=6.462000e-03, eval_ser=0.0055100001743994655
epoch 19/30: loss=3.958895e-02, train_ser=7.338000e-03, eval_ser=skipped
epoch 20/30: loss=4.073508e-02, train_ser=7.764000e-03, eval_ser=0.004110000221990049
epoch 21/30: loss=3.649510e-02, train_ser=6.280000e-03, eval_ser=skipped
epoch 22/30: loss=4.438607e-02, train_ser=9.161000e-03, eval_ser=0.02347000113571994
epoch 23/30: loss=4.416496e-02, train_ser=9.487000e-03, eval_ser=skipped
epoch 24/30: loss=4.504043e-02, train_ser=9.506000e-03, eval_ser=0.00306000022450462
